training_study,testing_study,analysis_type,n_train,n_train_healthy,n_train_disease,n_test,n_test_healthy,n_test_disease,auc,status,input_taxa_n,retained_taxa_n,lambda_1se,tuning_measure,inner_folds
BostanciN_2021,BostanciN_2021,within-study nested CV,154,126,28,154,126,28,0.566609977324263,OK,,,,,
BostanciN_2021,CuiJ_2019,single-cohort cross-study prediction,154,126,28,128,40,88,0.544886363636364,OK,84,19,0.0762001998332614,auc,10
BostanciN_2021,ZhangDY_2015,single-cohort cross-study prediction,154,126,28,122,47,75,0.539007092198582,OK,84,35,0.0436045559161879,auc,10
BostanciN_2021,ZellerG_2014,single-cohort cross-study prediction,154,126,28,54,21,33,0.506493506493507,OK,84,7,0.121332267043655,auc,10
BostanciN_2021,BuschartA_2016,single-cohort cross-study prediction,154,126,28,53,8,45,0.430555555555556,OK,84,9,0.110553442845237,auc,10
BostanciN_2021,VQuintanaL_2024,single-cohort cross-study prediction,154,126,28,53,21,32,0.575892857142857,OK,84,16,0.0836296252473286,auc,10
BostanciN_2021,BelstromD_2017,single-cohort cross-study prediction,154,126,28,20,10,10,0.56,OK,84,2,0.176032344787089,auc,10
BostanciN_2021,LiYJ_2023,single-cohort cross-study prediction,154,126,28,19,10,9,0.466666666666667,OK,84,30,0.0576426567261966,auc,10
BostanciN_2021,Castro-NallarE_2015,single-cohort cross-study prediction,154,126,28,18,6,12,0.722222222222222,OK,84,19,0.0762001998332614,auc,10
CuiJ_2019,BostanciN_2021,single-cohort cross-study prediction,128,40,88,154,126,28,0.608560090702948,OK,243,15,0.136288831602478,auc,10
CuiJ_2019,CuiJ_2019,within-study nested CV,128,40,88,128,40,88,0.841477272727273,OK,,,,,
CuiJ_2019,ZhangDY_2015,single-cohort cross-study prediction,128,40,88,122,47,75,0.56709219858156,OK,243,12,0.156699037529533,auc,10
CuiJ_2019,ZellerG_2014,single-cohort cross-study prediction,128,40,88,54,21,33,0.327561327561328,OK,243,16,0.13009429386639,auc,10
CuiJ_2019,BuschartA_2016,single-cohort cross-study prediction,128,40,88,53,8,45,0.716666666666667,OK,243,10,0.197731759076462,auc,10
CuiJ_2019,VQuintanaL_2024,single-cohort cross-study prediction,128,40,88,53,21,32,0.258928571428571,OK,243,10,0.180165814571673,auc,10
CuiJ_2019,BelstromD_2017,single-cohort cross-study prediction,128,40,88,20,10,10,0.61,OK,243,13,0.149576824434211,auc,10
CuiJ_2019,LiYJ_2023,single-cohort cross-study prediction,128,40,88,19,10,9,0.511111111111111,OK,243,11,0.164160380162918,auc,10
CuiJ_2019,Castro-NallarE_2015,single-cohort cross-study prediction,128,40,88,18,6,12,0.541666666666667,OK,243,11,0.171977000242613,auc,10
ZhangDY_2015,BostanciN_2021,single-cohort cross-study prediction,122,47,75,154,126,28,0.575396825396825,OK,346,4,0.344272573273891,auc,10
ZhangDY_2015,CuiJ_2019,single-cohort cross-study prediction,122,47,75,128,40,88,0.623295454545455,OK,346,2,0.377838724161213,auc,10
ZhangDY_2015,ZhangDY_2015,within-study nested CV,122,47,75,122,47,75,0.77645390070922,OK,,,,,
ZhangDY_2015,ZellerG_2014,single-cohort cross-study prediction,122,47,75,54,21,33,0.632034632034632,OK,346,2,0.360665371015163,auc,10
ZhangDY_2015,BuschartA_2016,single-cohort cross-study prediction,122,47,75,53,8,45,0.525,OK,346,4,0.344272573273891,auc,10
ZhangDY_2015,VQuintanaL_2024,single-cohort cross-study prediction,122,47,75,53,21,32,0.630952380952381,OK,346,2,0.377838724161213,auc,10
ZhangDY_2015,BelstromD_2017,single-cohort cross-study prediction,122,47,75,20,10,10,0.6,OK,346,4,0.344272573273891,auc,10
ZhangDY_2015,LiYJ_2023,single-cohort cross-study prediction,122,47,75,19,10,9,0.488888888888889,OK,346,2,0.377838724161213,auc,10
ZhangDY_2015,Castro-NallarE_2015,single-cohort cross-study prediction,122,47,75,18,6,12,0.638888888888889,OK,346,6,0.31368834671921,auc,10
ZellerG_2014,BostanciN_2021,single-cohort cross-study prediction,54,21,33,154,126,28,0.477607709750567,OK,168,18,0.175046004324842,auc,10
ZellerG_2014,CuiJ_2019,single-cohort cross-study prediction,54,21,33,128,40,88,0.496875,OK,168,18,0.183380951593593,auc,10
ZellerG_2014,ZhangDY_2015,single-cohort cross-study prediction,54,21,33,122,47,75,0.418156028368794,OK,168,18,0.175046004324842,auc,10
ZellerG_2014,ZellerG_2014,within-study nested CV,54,21,33,54,21,33,0.835497835497835,OK,,,,,
ZellerG_2014,BuschartA_2016,single-cohort cross-study prediction,54,21,33,53,8,45,0.308333333333333,OK,168,20,0.167089893273099,auc,10
ZellerG_2014,VQuintanaL_2024,single-cohort cross-study prediction,54,21,33,53,21,32,0.763392857142857,OK,168,20,0.167089893273099,auc,10
ZellerG_2014,BelstromD_2017,single-cohort cross-study prediction,54,21,33,20,10,10,0.68,OK,168,18,0.192112773651007,auc,10
ZellerG_2014,LiYJ_2023,single-cohort cross-study prediction,54,21,33,19,10,9,0.866666666666667,OK,168,24,0.14532626802179,auc,10
ZellerG_2014,Castro-NallarE_2015,single-cohort cross-study prediction,54,21,33,18,6,12,0.597222222222222,OK,168,23,0.15224608767376,auc,10
BuschartA_2016,BostanciN_2021,single-cohort cross-study prediction,53,8,45,154,126,28,0.441043083900227,OK,140,23,0.0549075348742641,auc,8
BuschartA_2016,CuiJ_2019,single-cohort cross-study prediction,53,8,45,128,40,88,0.458806818181818,OK,140,24,0.0661363201429337,auc,8
BuschartA_2016,ZhangDY_2015,single-cohort cross-study prediction,53,8,45,122,47,75,0.625815602836879,OK,140,23,0.0602609517407718,auc,8
BuschartA_2016,ZellerG_2014,single-cohort cross-study prediction,53,8,45,54,21,33,0.474747474747475,OK,140,24,0.0725845297111232,auc,8
BuschartA_2016,BuschartA_2016,within-study nested CV,53,8,45,53,8,45,0.786111111111111,OK,,,,,
BuschartA_2016,VQuintanaL_2024,single-cohort cross-study prediction,53,8,45,53,21,32,0.224702380952381,OK,140,23,0.057521998481127,auc,8
BuschartA_2016,BelstromD_2017,single-cohort cross-study prediction,53,8,45,20,10,10,0.47,OK,140,24,0.0477557736930924,auc,8
BuschartA_2016,LiYJ_2023,single-cohort cross-study prediction,53,8,45,19,10,9,0.633333333333333,OK,140,24,0.0834545707930187,auc,8
BuschartA_2016,Castro-NallarE_2015,single-cohort cross-study prediction,53,8,45,18,6,12,0.361111111111111,OK,140,23,0.0549075348742641,auc,8
VQuintanaL_2024,BostanciN_2021,single-cohort cross-study prediction,53,21,32,154,126,28,0.489512471655329,OK,212,14,0.253358247326145,auc,10
VQuintanaL_2024,CuiJ_2019,single-cohort cross-study prediction,53,21,32,128,40,88,0.465625,OK,212,3,0.403417977768478,auc,10
VQuintanaL_2024,ZhangDY_2015,single-cohort cross-study prediction,53,21,32,122,47,75,0.415035460992908,OK,212,9,0.319701848270039,auc,10
VQuintanaL_2024,ZellerG_2014,single-cohort cross-study prediction,53,21,32,54,21,33,0.660894660894661,OK,212,7,0.350872383802217,auc,10
VQuintanaL_2024,BuschartA_2016,single-cohort cross-study prediction,53,21,32,53,8,45,0.391666666666667,OK,212,9,0.305170905858102,auc,10
VQuintanaL_2024,VQuintanaL_2024,within-study nested CV,53,21,32,53,21,32,0.793154761904762,OK,,,,,
VQuintanaL_2024,BelstromD_2017,single-cohort cross-study prediction,53,21,32,20,10,10,0.79,OK,212,11,0.291300417204945,auc,10
VQuintanaL_2024,LiYJ_2023,single-cohort cross-study prediction,53,21,32,19,10,9,0.655555555555556,OK,212,2,0.442750732578609,auc,10
VQuintanaL_2024,Castro-NallarE_2015,single-cohort cross-study prediction,53,21,32,18,6,12,0.527777777777778,OK,212,18,0.23085059891828,auc,10
BelstromD_2017,BostanciN_2021,single-cohort cross-study prediction,20,10,10,154,126,28,0.470521541950113,OK,155,7,0.29410083615758,auc,4
BelstromD_2017,CuiJ_2019,single-cohort cross-study prediction,20,10,10,128,40,88,0.479829545454546,OK,155,7,0.3381444937245,auc,4
BelstromD_2017,ZhangDY_2015,single-cohort cross-study prediction,20,10,10,122,47,75,0.436028368794326,OK,155,16,0.121522830188741,auc,4
BelstromD_2017,ZellerG_2014,single-cohort cross-study prediction,20,10,10,54,21,33,0.746031746031746,OK,155,7,0.308104668867293,auc,4
BelstromD_2017,BuschartA_2016,single-cohort cross-study prediction,20,10,10,53,8,45,0.525,OK,155,7,0.407296239810174,auc,4
BelstromD_2017,VQuintanaL_2024,single-cohort cross-study prediction,20,10,10,53,21,32,0.611607142857143,OK,155,7,0.3381444937245,auc,4
BelstromD_2017,BelstromD_2017,within-study nested CV,20,10,10,20,10,10,0.52,OK,,,,,
BelstromD_2017,LiYJ_2023,single-cohort cross-study prediction,20,10,10,19,10,9,0.733333333333333,OK,155,7,0.38878399711497,auc,4
BelstromD_2017,Castro-NallarE_2015,single-cohort cross-study prediction,20,10,10,18,6,12,0.333333333333333,OK,155,7,0.26797372844921,auc,4
LiYJ_2023,BostanciN_2021,single-cohort cross-study prediction,19,10,9,154,126,28,0.503401360544218,OK,339,25,0.134630957426652,auc,3
LiYJ_2023,CuiJ_2019,single-cohort cross-study prediction,19,10,9,128,40,88,0.468181818181818,OK,339,16,0.341338549248734,auc,3
LiYJ_2023,ZhangDY_2015,single-cohort cross-study prediction,19,10,9,122,47,75,0.619574468085106,OK,339,32,0.0420818117487188,auc,3
LiYJ_2023,ZellerG_2014,single-cohort cross-study prediction,19,10,9,54,21,33,0.606060606060606,OK,339,25,0.128511772630515,auc,3
LiYJ_2023,BuschartA_2016,single-cohort cross-study prediction,19,10,9,53,8,45,0.427777777777778,OK,339,32,0.0190835903682378,auc,3
LiYJ_2023,VQuintanaL_2024,single-cohort cross-study prediction,19,10,9,53,21,32,0.849702380952381,OK,339,27,0.0927958966779129,auc,3
LiYJ_2023,BelstromD_2017,single-cohort cross-study prediction,19,10,9,20,10,10,0.57,OK,339,27,0.0807091385826376,auc,3
LiYJ_2023,LiYJ_2023,within-study nested CV,19,10,9,19,10,9,0.911111111111111,OK,,,,,
LiYJ_2023,Castro-NallarE_2015,single-cohort cross-study prediction,19,10,9,18,6,12,0.625,OK,339,17,0.325824185384569,auc,3
Castro-NallarE_2015,BostanciN_2021,single-cohort cross-study prediction,18,6,12,154,126,28,0.57171201814059,OK,120,3,0.438337830714571,auc,3
Castro-NallarE_2015,CuiJ_2019,single-cohort cross-study prediction,18,6,12,128,40,88,0.5,OK,120,0,0.63595313950418,auc,3
Castro-NallarE_2015,ZhangDY_2015,single-cohort cross-study prediction,18,6,12,122,47,75,0.5,OK,120,0,0.63595313950418,auc,3
Castro-NallarE_2015,ZellerG_2014,single-cohort cross-study prediction,18,6,12,54,21,33,0.556998556998557,OK,120,2,0.579456815350927,auc,3
Castro-NallarE_2015,BuschartA_2016,single-cohort cross-study prediction,18,6,12,53,8,45,0.5,OK,120,0,0.63595313950418,auc,3
Castro-NallarE_2015,VQuintanaL_2024,single-cohort cross-study prediction,18,6,12,53,21,32,0.553571428571429,OK,120,3,0.527979468925055,auc,3
Castro-NallarE_2015,BelstromD_2017,single-cohort cross-study prediction,18,6,12,20,10,10,0.5,OK,120,0,0.63595313950418,auc,3
Castro-NallarE_2015,LiYJ_2023,single-cohort cross-study prediction,18,6,12,19,10,9,0.5,OK,120,0,0.63595313950418,auc,3
Castro-NallarE_2015,Castro-NallarE_2015,within-study nested CV,18,6,12,18,6,12,0.4375,OK,,,,,
