level,alpha,prev_cutoff,total_taxa_n,input_taxa_n,retained_taxa_n,train_cv_auc,train_cv_auc_ci_lower,train_cv_auc_ci_upper,train_auc,train_auc_ci_lower,train_auc_ci_upper,external_auc,external_auc_ci_lower,external_auc_ci_upper,train_loso_mean,train_loso_sd,train_isv_mean,train_isv_weighted_mean,train_loso_weighted_mean,status,rank_within_level,is_best
SGB,0.1,0.01,1026,641,212,0.849319655157416,0.832697658458528,0.865941651856304,0.92624257402533,0.911452782894579,0.941032365156082,0.733682596473294,0.695992904403665,0.771372288542924,0.679332547968668,0.0943914303085864,0.488312143129987,0.487011696157838,0.638609842895933,OK,7,FALSE
SGB,0.1,0.05,1026,507,236,0.849387224516895,0.832563339186698,0.866211109847093,0.93609810658576,0.922475285356968,0.949720927814551,0.723639151546128,0.685177414601426,0.762100888490831,0.668816821279972,0.106722354895772,0.464277647748672,0.451476561378931,0.630944544647793,OK,9,FALSE
SGB,0.1,0.1,1026,413,166,0.846220596172645,0.831494821083074,0.860946371262216,0.912716751391428,0.89629205337237,0.929141449410487,0.732481472016356,0.695013839826432,0.76994910420628,0.667150889272095,0.115582812243921,0.496329473056894,0.491189030782845,0.632584030572179,OK,8,FALSE
SGB,0.1,0.2,1026,276,115,0.830175752840022,0.815377669414321,0.844973836265723,0.882413416651597,0.862908786554375,0.901918046748819,0.709796405145242,0.670881446882798,0.748711363407687,0.678352751581056,0.127108595019343,0.487130199373608,0.500271122407224,0.644822858003952,OK,4,FALSE
SGB,0.1,0.3,1026,189,89,0.817800264349241,0.799671843636192,0.835928685062289,0.860616046133135,0.83903885325431,0.88219323901196,0.704821535054093,0.665796925456957,0.743846144651229,0.678721279084662,0.146347419979881,0.515497381882652,0.507084338275466,0.64730983433945,OK,3,FALSE
SGB,0.5,0.01,1026,641,145,0.839959264165713,0.82176892134204,0.858149606989386,0.926617640164226,0.911821084660531,0.94141419566792,0.727293636595962,0.689154792282798,0.765432480909126,0.642085400385435,0.0761765491291546,0.452961925898708,0.457205155240079,0.626421613845808,OK,11,FALSE
SGB,0.5,0.05,1026,507,167,0.842165164096778,0.823636229182816,0.860694099010741,0.939932488094999,0.926812344767957,0.953052631422041,0.71329755515802,0.674143730529893,0.752451379786148,0.610990726802852,0.119085123931126,0.47899750016723,0.468269444426413,0.589490450006954,OK,15,FALSE
SGB,0.5,0.1,1026,413,122,0.836641981641472,0.821273125965398,0.852010837317546,0.914304084872109,0.898039519998811,0.930568649745407,0.734440753045404,0.696972546264571,0.771908959826237,0.648926171282835,0.0924980350949616,0.500284971955604,0.511196114891494,0.628984887581916,OK,10,FALSE
SGB,0.5,0.2,1026,276,86,0.825726807226217,0.810181535585456,0.841272078866978,0.887074952949292,0.868028131536128,0.906121774362456,0.7114149416475,0.672361175980676,0.750468707314324,0.660296397923345,0.144871962768642,0.498293138516307,0.509493070372944,0.644782277337634,OK,5,FALSE
SGB,0.5,0.3,1026,189,67,0.814714314583027,0.798225481885246,0.831203147280807,0.865408185818481,0.844236405085562,0.8865799665514,0.709924184342789,0.671115900758912,0.748732467926666,0.67177345493566,0.137523693949448,0.5195410485195,0.514564579478781,0.65060728043894,OK,2,FALSE
SGB,1,0.01,1026,641,122,0.834087010534622,0.816140844693288,0.852033176375955,0.921909220599168,0.90653901308625,0.937279428112086,0.725981770167817,0.687801380107664,0.764162160227969,0.620923545546081,0.0830980024930505,0.459869308254865,0.459332328741127,0.605731252998714,OK,13,FALSE
SGB,1,0.05,1026,507,148,0.837677203952598,0.818944224236661,0.856410183668534,0.93706256237149,0.923568736297874,0.950556388445105,0.713152738734134,0.673974805228092,0.752330672240177,0.622334478441978,0.0911851998186272,0.469969968352963,0.469921416124333,0.600834995952637,OK,14,FALSE
SGB,1,0.1,1026,413,101,0.828870089382771,0.813390221764249,0.844349957001293,0.90249954791135,0.884961889688309,0.920037206134391,0.736417071300792,0.69928337528622,0.773550767315365,0.638209922121212,0.0918962959195832,0.514082863735367,0.509820965416391,0.618436418239276,OK,12,FALSE
SGB,1,0.2,1026,276,79,0.821110689661454,0.805098574109799,0.837122805213109,0.883086526418721,0.863644478447604,0.902528574389838,0.713595706618962,0.674764893679232,0.752426519558693,0.657852481446373,0.138341158260587,0.513963835759996,0.515681839970255,0.642313127871355,OK,6,FALSE
SGB,1,0.3,1026,189,66,0.815215652967985,0.798674041292745,0.831757264643225,0.867350492609188,0.846328416691553,0.888372568526823,0.711849390919158,0.673169789649747,0.75052899218857,0.665161430435338,0.136679765208837,0.524742187340154,0.513559939814207,0.648455687979832,OK,1,TRUE
class,0.1,0.01,104,70,30,0.724260073755473,0.687311980282379,0.761208167228566,0.752285559283892,0.72402962522164,0.780541493346144,0.668600391856206,0.626986060711183,0.710214723001229,0.612389636536764,0.118957524622637,0.479176086755698,0.465807398603049,0.582527501901623,OK,3,FALSE
class,0.1,0.05,104,57,28,0.723539862871053,0.686505553554997,0.760574172187109,0.750132277790057,0.72174407879171,0.778520476788404,0.658522872476361,0.616668164353379,0.700377580599343,0.604497417560199,0.119357428766502,0.483776958059773,0.471690420627857,0.575270653001081,OK,6,FALSE
class,0.1,0.1,104,51,29,0.724811642350825,0.688374872689282,0.761248412012367,0.75093264214002,0.722584892791471,0.77928039148857,0.654570235965585,0.612620530662492,0.696519941268678,0.593441546999597,0.127857112899474,0.489994177348419,0.473670292218711,0.565542579433711,OK,10,FALSE
class,0.1,0.2,104,43,23,0.712804466102455,0.676677748899394,0.748931183305515,0.73548125673947,0.706315331662058,0.764647181816882,0.639279325325837,0.597371823719371,0.681186826932303,0.602453646128395,0.115915876195933,0.4807356635268,0.47251681826954,0.576791795807034,OK,5,FALSE
class,0.1,0.3,104,33,16,0.687548063435364,0.648271427243141,0.726824699627588,0.708483192348651,0.678068395175463,0.738897989521838,0.644083823153591,0.60147980638659,0.686687839920591,0.61342348018383,0.0947718729369375,0.481164669531252,0.466684219462223,0.585656408171468,OK,2,FALSE
class,0.5,0.01,104,70,28,0.72698919314516,0.69177666726144,0.762201719028881,0.759458699190259,0.73150808118432,0.787409317196198,0.675738989692478,0.634030427030882,0.717447552354074,0.584040877013613,0.12724372577319,0.473960048404373,0.468420088598059,0.56764054746959,OK,9,FALSE
class,0.5,0.05,104,57,25,0.723579964459835,0.688500191713924,0.758659737205747,0.75380256786353,0.725570105391268,0.782035030335791,0.667126671777835,0.625194183694774,0.709059159860895,0.569030163867964,0.131272975102801,0.488311253779447,0.476753579002107,0.550279540396193,OK,15,FALSE
class,0.5,0.1,104,51,25,0.722741689700626,0.688029924076405,0.757453455324846,0.751820075415084,0.723507069696651,0.780133081133518,0.6627395859954,0.620733387674419,0.704745784316381,0.577144096539723,0.128239909620817,0.497608923009482,0.479470905010327,0.569284098349001,OK,7,FALSE
class,0.5,0.2,104,43,19,0.714254858194892,0.680024494683419,0.748485221706365,0.738140207759851,0.70907017929175,0.767210236227951,0.653505409319363,0.611546099284135,0.695464719354591,0.57053971921254,0.119617133009772,0.506683154036947,0.488795720988445,0.558132025835459,OK,14,FALSE
class,0.5,0.3,104,33,15,0.686585998296385,0.648515406456701,0.724656590136069,0.710606334599182,0.680259869870162,0.740952799328202,0.646307181190902,0.60325658020953,0.689357782172274,0.586050749950537,0.113997119132614,0.490385498132722,0.473790550168491,0.584919017150325,OK,1,TRUE
class,1,0.01,104,70,26,0.726377602854363,0.691525164008345,0.761230041700382,0.759857206962835,0.731918643622966,0.787795770302704,0.676863446630889,0.635068449417956,0.718658443843821,0.593007312307071,0.124314591825501,0.47143465657494,0.470632206936789,0.578544293353638,OK,4,FALSE
class,1,0.05,104,57,23,0.723651171786645,0.688948437872096,0.758353905701194,0.754706745162651,0.726517483471919,0.782896006853384,0.668114830905529,0.626085841539162,0.710143820271895,0.575179244668024,0.134102983300865,0.485531741250863,0.475883544078302,0.561629929790606,OK,12,FALSE
class,1,0.1,104,51,23,0.722702750939902,0.6885788294271,0.756826672452705,0.752466394743716,0.724182133282636,0.780750656204797,0.66275662322174,0.620700793916905,0.704812452526574,0.56142959810334,0.141396684878567,0.490636861387703,0.47843791104351,0.559246235077861,OK,13,FALSE
class,1,0.2,104,43,16,0.712024919264931,0.677562935879567,0.746486902650295,0.737031753367223,0.707910848065616,0.76615265866883,0.655302836698186,0.613257883716282,0.697347789680089,0.573903218929791,0.115252149424523,0.503899181965242,0.487817047882691,0.56194486837523,OK,11,FALSE
class,1,0.3,104,33,14,0.686241311422514,0.648937566328157,0.723545056516872,0.71103163281025,0.680705985856556,0.741357279763944,0.646221995059204,0.603028831216634,0.689415158901775,0.564496542000433,0.125956267962252,0.492803866924096,0.47472574381645,0.568503215224306,OK,8,FALSE
family,0.1,0.01,177,104,45,0.769422939991408,0.743940219927518,0.794905660055297,0.805869785073707,0.780328176446188,0.831411393701227,0.67567084078712,0.634646397643146,0.716695283931094,0.620483727007403,0.134764482882207,0.505140932879561,0.470261285328304,0.589370227194489,OK,11,FALSE
family,0.1,0.05,177,85,41,0.768192258606947,0.742979583207354,0.79340493400654,0.802253075877219,0.776471633006619,0.82803451874782,0.668191498424057,0.626831567703436,0.709551429144677,0.624181472339428,0.133692247583868,0.514540553187074,0.483575262713981,0.592536757497975,OK,10,FALSE
family,0.1,0.1,177,75,39,0.76843350402999,0.74303690865476,0.79383009940522,0.801328805749228,0.775481259565657,0.827176351932799,0.664886276514184,0.623438977245931,0.706333575782436,0.627740477347815,0.131812710887356,0.511576437831944,0.488424880471015,0.594134509503761,OK,7,FALSE
family,0.1,0.2,177,61,30,0.741208681477046,0.711106425890015,0.771310937064078,0.767957965802005,0.740304568480894,0.795611363123117,0.617301303347815,0.575244431711974,0.659358174983656,0.64097824078405,0.118076323122815,0.535635087620423,0.501896022614028,0.59815956794989,OK,4,FALSE
family,0.1,0.3,177,52,22,0.726251887849103,0.693625836781358,0.758877938916847,0.752757740762322,0.724108715169202,0.781406766355442,0.616960558821024,0.574457236471977,0.659463881170071,0.644870057234141,0.107866949000192,0.527468765342047,0.489671208179202,0.61079160823249,OK,2,FALSE
family,0.5,0.01,177,104,38,0.769857089208985,0.745758856056017,0.793955322361953,0.809483145465384,0.78418218844663,0.834784102484137,0.668097793679189,0.626191054962029,0.710004532396349,0.61950090554469,0.11540386883896,0.540841285982743,0.491980661997539,0.593285271038621,OK,8,FALSE
family,0.5,0.05,177,85,34,0.76696272548839,0.74294675799088,0.790978692985899,0.802678374088288,0.776891716794526,0.82846503138205,0.659928443649374,0.617656272611306,0.702200614687441,0.624158509032593,0.116470347782404,0.535012125403367,0.503362809235396,0.594347180509027,OK,6,FALSE
family,0.5,0.1,177,75,31,0.767203737869577,0.743052572376296,0.791354903362858,0.801874660933513,0.776018088870973,0.827731232996053,0.656248402760031,0.613880744661731,0.698616060858331,0.618594245971664,0.118939997446728,0.537422383559627,0.510338181653119,0.58917041148505,OK,12,FALSE
family,0.5,0.2,177,61,21,0.741131024330526,0.712790143323404,0.769471905337648,0.767278158425258,0.739555822099981,0.795000494750535,0.605477468268166,0.562689321630069,0.648265614906263,0.620754998086823,0.113858251675127,0.540075321257416,0.511749083167667,0.584726932170684,OK,15,FALSE
family,0.5,0.3,177,52,15,0.727523419700697,0.699142058822593,0.7559047805788,0.751475148519493,0.722744760393668,0.780205536645319,0.600690007666752,0.557527543065225,0.643852472268279,0.634138108293272,0.0929731118320307,0.542998765082799,0.509278818374797,0.605855306302563,OK,1,TRUE
family,1,0.01,177,104,35,0.766247181382133,0.741596743723711,0.790897619040556,0.806144387068255,0.780604678382543,0.831684095753968,0.663191072493398,0.620859614310728,0.705522530676068,0.622583881285749,0.110859120711524,0.537860832090554,0.496523076585901,0.596905241128631,OK,5,FALSE
family,1,0.05,177,85,32,0.765784763271505,0.740872240135422,0.790697286407589,0.802738652574896,0.776950354544279,0.828526950605513,0.657100264077008,0.614540703715378,0.699659824438639,0.61921360144594,0.114000047583317,0.546970654749314,0.511357946875981,0.592699955847985,OK,9,FALSE
family,1,0.1,177,75,32,0.765656339763701,0.740794059395402,0.790518620132,0.802011961930787,0.776156178435288,0.827867745426286,0.654715052389471,0.612082744543083,0.69734736023586,0.61697173065348,0.115861878382737,0.544325300372646,0.51233684553736,0.588508667379367,OK,13,FALSE
family,1,0.2,177,61,20,0.740341344234923,0.71269260643266,0.767990082037187,0.768527262619971,0.740850282935543,0.7962042423044,0.604608569724849,0.561668936036388,0.64754820341331,0.621022024352519,0.109643395008601,0.553706862971053,0.519120573605334,0.586346296474765,OK,14,FALSE
family,1,0.3,177,52,15,0.728178183829748,0.700369986199863,0.755986381459633,0.752198490358791,0.723483075972311,0.780913904745271,0.598969247806457,0.555710439063358,0.642228056549557,0.627216480618196,0.0850431524824012,0.544968788816453,0.512557658572285,0.602673129829552,OK,3,FALSE
genus,0.1,0.01,415,237,81,0.808709410240696,0.781774295707779,0.835644524773614,0.850154379901813,0.827851929989699,0.872456829813927,0.698654059119176,0.658404820192018,0.738903298046333,0.648329092244725,0.127514192781328,0.46315429211555,0.418909374490377,0.615635723666408,OK,9,FALSE
genus,0.1,0.05,415,187,82,0.81146855096749,0.786030726721414,0.836906375213566,0.853750996269431,0.831703063871874,0.875798928666989,0.697606269699293,0.657385172483185,0.7378273669154,0.670909124987135,0.12946908873846,0.464037846905287,0.421485183633505,0.6418062479449,OK,2,FALSE
genus,0.1,0.1,415,152,56,0.799083773319843,0.769675377825609,0.828492168814078,0.831156610205818,0.807186725463397,0.855126494948239,0.699957406934151,0.659953012793654,0.739961801074649,0.662390596091868,0.122725193038766,0.460665647551891,0.427234976466966,0.63634553801239,OK,3,FALSE
genus,0.1,0.2,415,101,49,0.763502627348771,0.733289117268759,0.793716137428784,0.805625322322463,0.780185367021661,0.831065277623266,0.676658999914814,0.635656996039675,0.717661003789953,0.653076161010981,0.131724536867951,0.495701975768779,0.462863540173896,0.597264887812295,OK,10,FALSE
genus,0.1,0.3,415,74,35,0.747115698363325,0.724779686480356,0.769451710246294,0.781450300387792,0.754275172664625,0.808625428110958,0.626935854842832,0.584099479585098,0.669772230100565,0.637177602695866,0.118244451492006,0.490639976047714,0.477624230222071,0.586617110630406,OK,12,FALSE
genus,0.5,0.01,415,237,58,0.802244868307096,0.77402268683685,0.830467049777343,0.845024010930499,0.822430365590294,0.867617656270704,0.697674418604651,0.656715994715755,0.738632842493548,0.654518861189053,0.117045821724508,0.464732345613279,0.434684784234545,0.619390079176198,OK,7,FALSE
genus,0.5,0.05,415,187,59,0.805696206429989,0.77858421890946,0.832808193950518,0.850737071939025,0.828584070209807,0.872890073668242,0.694548087571343,0.65355540792902,0.735540767213667,0.671582771032466,0.116625181135073,0.470349061836956,0.437515488835682,0.640597105096302,OK,1,TRUE
genus,0.5,0.1,415,152,41,0.79553462315273,0.765235450989634,0.825833795315826,0.829247791463227,0.8052440476187,0.853251535307753,0.696481812760883,0.655699588179095,0.73726403734267,0.65265326944791,0.0964930132485349,0.47184814703766,0.454348596094805,0.623996237863809,OK,5,FALSE
genus,0.5,0.2,415,101,37,0.760096709777757,0.732934489332651,0.787258930222862,0.804831655582123,0.779299901304841,0.830363409859405,0.670040037481898,0.628472421823899,0.711607653139897,0.633390357688256,0.12245454091303,0.509643839378714,0.48006439345768,0.577275527748604,OK,15,FALSE
genus,0.5,0.3,415,74,27,0.745604593103788,0.726944591883997,0.76426459432358,0.78178852967376,0.75460910419277,0.808967955154749,0.619550217224636,0.576289275659472,0.662811158789799,0.623399801046559,0.10664345269547,0.489599528717892,0.486930270255801,0.581944611002973,OK,13,FALSE
genus,1,0.01,415,237,50,0.800997657133363,0.772741509480394,0.829253804786332,0.844880012323602,0.82230058434717,0.867459440300033,0.69619217991311,0.654951353271781,0.737433006554439,0.65164320148694,0.107530333448723,0.472843585654891,0.441762927286936,0.617807007341471,OK,8,FALSE
genus,1,0.05,415,187,53,0.805432868701174,0.778341764361215,0.832523973041133,0.850485911578158,0.828333240216176,0.87263858294014,0.692188431723316,0.650938791896804,0.733438071549827,0.667773220204592,0.10766734749547,0.475618531237419,0.44604777077167,0.636291069328218,OK,4,FALSE
genus,1,0.1,415,152,39,0.79457409479318,0.764358831605768,0.824789357980591,0.829016723931229,0.80502994635499,0.853003501507468,0.698006644518272,0.657131175806567,0.738882113229978,0.647911815196169,0.0899868462314607,0.47666060353569,0.461084404829002,0.620566847942987,OK,6,FALSE
genus,1,0.2,415,101,37,0.758278497446914,0.732260311034849,0.78429668385898,0.80459054163569,0.779032180130091,0.830148903141289,0.667169264843683,0.625460527314362,0.708878002373005,0.632530376657654,0.116757462495287,0.493863295127494,0.468892498784174,0.581580254044067,OK,14,FALSE
genus,1,0.3,415,74,26,0.746704796283347,0.730487618634299,0.762921973932395,0.785016777512106,0.757983826468426,0.812049728555786,0.618332055541358,0.575076601785083,0.661587509297632,0.624981519478657,0.0904562728242889,0.48982105198629,0.488856318064202,0.590902889924847,OK,11,FALSE
order,0.1,0.01,129,87,37,0.736717305812755,0.703876195030615,0.769558416594894,0.771129283958555,0.743758996453697,0.798499571463414,0.681676463071812,0.641221717988604,0.72213120815502,0.592925413334566,0.128608652795798,0.49246673461655,0.472470942615856,0.579093660907632,OK,14,FALSE
order,0.1,0.05,129,70,34,0.731687372017051,0.697700088076526,0.765674655957577,0.763644705204712,0.735882182087969,0.791407228321456,0.664366641110827,0.623234291099452,0.705498991122203,0.596560845894932,0.125433982208163,0.496180917060581,0.473464779054562,0.585017886519364,OK,9,FALSE
order,0.1,0.1,129,63,34,0.734971123147705,0.701863085014885,0.768079161280524,0.765898450842894,0.738248088717345,0.793548812968444,0.659442882698697,0.618172505995593,0.700713259401801,0.589044742173518,0.131933799478269,0.509013185647817,0.482637222745622,0.580305937795461,OK,13,FALSE
order,0.1,0.2,129,52,26,0.716467304983533,0.680519052973786,0.752415556993281,0.742701279913199,0.713828726135948,0.77157383369045,0.645668285203169,0.60422847938368,0.687108091022658,0.580929526162054,0.118561797911686,0.505289903997137,0.488438792995503,0.570715375786143,OK,15,FALSE
order,0.1,0.3,129,43,21,0.691944263276866,0.650471048817903,0.733417477735829,0.716892041230485,0.686733218088515,0.747050864372455,0.656563591447312,0.614577864350596,0.698549318544029,0.611160670147607,0.0960268805464406,0.494089801641713,0.479541208823561,0.592432289280825,OK,3,FALSE
order,0.5,0.01,129,87,40,0.737803317623279,0.708807389650843,0.766799245595715,0.781135512735505,0.754326467095255,0.807944558375755,0.686046511627907,0.645530189060452,0.726562834195362,0.61442418221031,0.113689625601942,0.492852538810982,0.477361758862805,0.58386365558539,OK,10,FALSE
order,0.5,0.05,129,70,32,0.731487634999742,0.700875684023263,0.762099585976222,0.771534489340754,0.744182135066641,0.798886843614868,0.67147968310759,0.630315455636661,0.712643910578519,0.61340802478265,0.111211240835585,0.498406247094011,0.482314367380447,0.588240006206151,OK,5,FALSE
order,0.5,0.1,129,63,31,0.734202097920053,0.70368078361264,0.764723412227465,0.773232333380217,0.745971489165726,0.800493177594708,0.666871113382741,0.625583069052727,0.708159157712756,0.600682973421875,0.127916455419623,0.490798721100828,0.479738427102536,0.586417534291598,OK,8,FALSE
order,0.5,0.2,129,52,20,0.715421824745018,0.682322246887931,0.748521402602106,0.743833175939507,0.715015445135134,0.77265090674388,0.655762841809353,0.614088696096278,0.697436987522429,0.594064312321071,0.11220409858906,0.52046362703617,0.497080919450114,0.580694556829412,OK,12,FALSE
order,0.5,0.3,129,43,15,0.691599447925459,0.654324559514431,0.728874336336487,0.718717139852787,0.688655955344573,0.748778324361,0.647755345429764,0.604823767120057,0.690686923739471,0.607425481449347,0.0956275993143818,0.512052555412763,0.491367710240128,0.592074542769385,OK,2,FALSE
order,1,0.01,129,87,39,0.736242585278584,0.70767025117412,0.764814919383048,0.782146851788597,0.755406249561724,0.808887454015469,0.685705767101116,0.645102914800492,0.726308619401739,0.618803674736678,0.11411388523949,0.485247627750668,0.476926826843079,0.587425933890171,OK,6,FALSE
order,1,0.05,129,70,31,0.731259844010428,0.701985189908131,0.760534498112725,0.771668441533217,0.74432648542448,0.799010397641953,0.670857824346197,0.629521928520043,0.71219372017235,0.616459447465693,0.109162791198827,0.491100719629672,0.480010331547,0.587175376093951,OK,7,FALSE
order,1,0.1,129,63,32,0.734147149759578,0.704479697320869,0.763814602198288,0.773567213861373,0.746326508631422,0.800807919091324,0.66653888746912,0.625125799007436,0.707951975930805,0.61490018845102,0.11224003743935,0.492323151910116,0.478591967656436,0.591714436311292,OK,4,FALSE
order,1,0.2,129,52,19,0.715368929693304,0.68235457392697,0.748383285459638,0.744107777934055,0.7152934311429,0.772922124725211,0.654791719907999,0.612865606525891,0.696717833290107,0.597663890659821,0.111785458587671,0.516724918207319,0.495027940053376,0.582231438349341,OK,11,FALSE
order,1,0.3,129,43,14,0.692386624202908,0.655622415700655,0.729150832705161,0.71881090638751,0.688770792969674,0.748851019805346,0.645463838487094,0.602323955243046,0.688603721731143,0.591051321920932,0.110419468485472,0.52054436936259,0.497466242730196,0.588759510296883,OK,1,TRUE
phylum,0.1,0.01,20,14,7,0.63591274614544,0.607371926726004,0.664453565564877,0.646979043179489,0.614532106261271,0.679425980097707,0.552261691796575,0.507744702824944,0.596778680768207,0.602184503366453,0.0980132483192558,0.434542974386724,0.382613114010173,0.580056200132953,OK,12,FALSE
phylum,0.1,0.05,20,12,5,0.633388467035267,0.604671463121303,0.66210547094923,0.643298706691582,0.610702522763878,0.675894890619285,0.553539483772042,0.508984685179932,0.598094282364152,0.590398167493462,0.108423074633035,0.433996775793651,0.382227249874309,0.572107939428681,OK,14,FALSE
phylum,0.1,0.1,20,11,6,0.636588755146459,0.608226508346584,0.664951001946335,0.645790217471384,0.61327404073841,0.67830639420436,0.552968736689667,0.508481974278899,0.597455499100435,0.608481037004903,0.0965901656618296,0.433996775793651,0.382227249874309,0.586698695395336,OK,8,FALSE
phylum,0.1,0.2,20,11,6,0.636588755146459,0.608226508346584,0.664951001946335,0.645790217471384,0.61327404073841,0.67830639420436,0.552968736689667,0.508481974278899,0.597455499100435,0.608481037004903,0.0965901656618296,0.433996775793651,0.382227249874309,0.586698695395336,OK,9,FALSE
phylum,0.1,0.3,20,11,6,0.636588755146459,0.608226508346584,0.664951001946335,0.645790217471384,0.61327404073841,0.67830639420436,0.552968736689667,0.508481974278899,0.597455499100435,0.606477247470091,0.0967796744262314,0.433996775793651,0.382227249874309,0.584972880858709,OK,11,FALSE
phylum,0.5,0.01,20,14,5,0.633699921764236,0.606182776581631,0.66121706694684,0.646677650746449,0.614153834272231,0.679201467220666,0.549237584121305,0.504339845251229,0.594135322991381,0.5916358542832,0.103136161501518,0.452576490192642,0.431799322131769,0.572221738248702,OK,13,FALSE
phylum,0.5,0.05,20,12,5,0.633804975691167,0.604478871172629,0.663131080209706,0.644762134394235,0.612158602181124,0.677365666607346,0.554263565891473,0.509786059135478,0.598741072647468,0.608607913948459,0.100513202194106,0.455358213677491,0.43572789356034,0.586294702645905,OK,10,FALSE
phylum,0.5,0.1,20,11,5,0.634886702488188,0.605491143818312,0.664282261158063,0.643727353707462,0.611099733222907,0.676354974192017,0.558284351307607,0.513972852487226,0.602595850127989,0.608552641839616,0.10648699439066,0.462811372497837,0.440510892424222,0.587070289968255,OK,6,FALSE
phylum,0.5,0.2,20,11,5,0.634886702488188,0.605491143818312,0.664282261158063,0.643727353707462,0.611099733222907,0.676354974192017,0.558284351307607,0.513972852487226,0.602595850127989,0.608552641839616,0.10648699439066,0.462811372497837,0.440510892424222,0.587070289968255,OK,7,FALSE
phylum,0.5,0.3,20,11,5,0.634886702488188,0.605491143818312,0.664282261158063,0.643727353707462,0.611099733222907,0.676354974192017,0.558284351307607,0.513972852487226,0.602595850127989,0.612474285962276,0.104865548118533,0.462325769891224,0.436206514282547,0.592922394273523,OK,2,FALSE
phylum,1,0.01,20,14,5,0.633922538093144,0.606344196781995,0.661500879404294,0.646902020668823,0.614400794748199,0.679403246589447,0.549084249084249,0.504148150927011,0.594020347241487,0.589599061310047,0.102600840468988,0.465462659408217,0.461407031415949,0.569942685006079,OK,15,FALSE
phylum,1,0.05,20,12,4,0.633691158812114,0.602315228512735,0.665067089111494,0.642511737560865,0.609844050407258,0.675179424714471,0.561035863361445,0.516712620645083,0.605359106077807,0.613003094586801,0.105174434202931,0.469468180441146,0.463525607284525,0.589049619961017,OK,3,FALSE
phylum,1,0.1,20,11,4,0.634592467549938,0.60473925830735,0.664445676792525,0.643700563268969,0.611084354722825,0.676316771815114,0.559545106056734,0.515260367191609,0.603829844921859,0.611153089433224,0.11301636853553,0.475675905008246,0.466070880638622,0.588708178828209,OK,4,FALSE
phylum,1,0.2,20,11,4,0.634592467549938,0.60473925830735,0.664445676792525,0.643700563268969,0.611084354722825,0.676316771815114,0.559545106056734,0.515260367191609,0.603829844921859,0.611153089433224,0.11301636853553,0.476233940722531,0.467880835389753,0.588708178828209,OK,5,FALSE
phylum,1,0.3,20,11,4,0.634592467549938,0.60473925830735,0.664445676792525,0.643700563268969,0.611084354722825,0.676316771815114,0.559545106056734,0.515260367191609,0.603829844921859,0.615500346063944,0.110859232514697,0.479659279789493,0.469560534080716,0.595312306659724,OK,1,TRUE
species,0.1,0.01,973,607,186,0.846949016958122,0.826550900883176,0.867347133033068,0.917003221550229,0.901224125095495,0.932782318004963,0.735471505238947,0.697466347510914,0.773476662966981,0.659178328777878,0.0916362048277938,0.446310906687683,0.441910491106305,0.627634165761071,OK,10,FALSE
species,0.1,0.05,973,480,183,0.844342791837921,0.824201967538632,0.864483616137209,0.916788898042289,0.900921347919879,0.932656448164698,0.734074452679104,0.695806779101077,0.772342126257131,0.651075438158403,0.107422612072544,0.450252890645253,0.442637727706493,0.616788432459262,OK,12,FALSE
species,0.1,0.1,973,392,149,0.838084949381853,0.819439778038213,0.856730120725494,0.903075542338939,0.885708439972901,0.920442644704977,0.735215946843854,0.697406891304331,0.773025002383377,0.67747309696712,0.0927436637861205,0.470680127533332,0.464988488665283,0.649710431781001,OK,4,FALSE
species,0.1,0.2,973,260,102,0.824150392280803,0.804039869829795,0.844260914731811,0.872008680102072,0.851639184783987,0.892378175420157,0.719746145327541,0.681120468323801,0.75837182233128,0.670306537836865,0.117759378074728,0.495019031953373,0.505778319842958,0.638707093999198,OK,8,FALSE
species,0.1,0.3,973,175,73,0.808864527035357,0.786671957310047,0.831057096760667,0.849102855190983,0.826677690157394,0.871528020224571,0.723315444245677,0.684970689398909,0.761660199092445,0.665985717871138,0.16343264809852,0.525789107104386,0.52381641348362,0.646079180840696,OK,2,FALSE
species,0.5,0.01,973,607,115,0.835268488201174,0.814782327849528,0.85575464855282,0.908319770673847,0.891530074938254,0.925109466409439,0.732958514353863,0.694918071471664,0.770998957236063,0.611583244182166,0.103606180202363,0.469177984143426,0.477042486777114,0.58320456901672,OK,15,FALSE
species,0.5,0.05,973,480,118,0.834844645214653,0.815599168059085,0.854090122370221,0.912361778081403,0.896002098306313,0.928721457856493,0.732268506687111,0.693837750465672,0.77069926290855,0.602101671376534,0.11101221497819,0.452311419646866,0.457312780654966,0.598017727413228,OK,14,FALSE
species,0.5,0.1,973,392,100,0.829801638788008,0.810833016495756,0.848770261080261,0.897188343480212,0.879165793571498,0.915210893388926,0.738580799045915,0.70104170332222,0.77611989476961,0.654215603995721,0.0746025192554856,0.471899748739656,0.475703084830239,0.639759023689458,OK,7,FALSE
species,0.5,0.2,973,260,76,0.820730313592037,0.802227015828874,0.8392336113552,0.875903340097919,0.855901621501585,0.895905058694253,0.722267654825794,0.683499747446819,0.761035562204769,0.659596333733453,0.106969547320512,0.492358964246655,0.502861316195696,0.645497927674659,OK,3,FALSE
species,0.5,0.3,973,175,50,0.805945776606271,0.785505783852589,0.826385769359953,0.848751230685768,0.826288734645961,0.871213726725576,0.727574750830565,0.689532756038936,0.765616745622194,0.659876745088751,0.161266320196822,0.528923384184944,0.526794598365965,0.645288101709845,OK,1,TRUE
species,1,0.01,973,607,104,0.832857659935174,0.812138689944382,0.853576629925966,0.910573516312028,0.894027171702721,0.927119860921336,0.731510350115001,0.693227547244802,0.769793152985201,0.619044184040874,0.0773327817395019,0.473520703615037,0.479185671388806,0.609063148830639,OK,13,FALSE
species,1,0.05,973,480,102,0.829313691045886,0.810326171077953,0.848301211013819,0.906816157313455,0.88986716737465,0.92376514725226,0.732617769827072,0.694253025713356,0.770982513940789,0.63215977440012,0.0701514708574734,0.4519688223108,0.452275387492573,0.621170917429963,OK,11,FALSE
species,1,0.1,973,392,93,0.827945855969171,0.809716000202386,0.846175711735956,0.899097162222803,0.881251717128767,0.916942607316839,0.737805605247466,0.70015278111449,0.775458429380442,0.651086492779195,0.0740933033542399,0.460785961342692,0.468020106469178,0.634970158320534,OK,9,FALSE
species,1,0.2,973,260,75,0.818533040701984,0.799352556935905,0.837713524468062,0.877453836725673,0.857600168911476,0.897307504539869,0.721943947525343,0.683109165772999,0.760778729277687,0.650730942829337,0.115014724013377,0.493408879735458,0.504071396215506,0.640110566354307,OK,6,FALSE
species,1,0.3,973,175,51,0.808261402405001,0.78785829861349,0.828664506196511,0.855743535132311,0.833840577463869,0.877646492800754,0.729074026748445,0.690993154215767,0.767154899281124,0.659749625543319,0.161269286738752,0.520063607363584,0.518367817239043,0.642842229780696,OK,5,FALSE
