feature,excluded_study,final_coef,lodo_coef,selected_in_lodo,sign_concordant
Actinobaculum_sp_oral_taxon_183,ArmstrongA_2021,0.00550909093906685,,FALSE,
Actinobaculum_sp_oral_taxon_183,BelstromD_2017,0.00550909093906685,,FALSE,
Actinobaculum_sp_oral_taxon_183,BostanciN_2021,0.00550909093906685,0.0145851434943827,TRUE,TRUE
Actinobaculum_sp_oral_taxon_183,BuschartA_2016,0.00550909093906685,0.0108704316032419,TRUE,TRUE
Actinobaculum_sp_oral_taxon_183,Castro-NallarE_2015,0.00550909093906685,0.00327910050671231,TRUE,TRUE
Actinobaculum_sp_oral_taxon_183,ChenBY_2023,0.00550909093906685,0.0203244255284571,TRUE,TRUE
Actinobaculum_sp_oral_taxon_183,ChenLW_2022,0.00550909093906685,0.00965137451260741,TRUE,TRUE
Actinobaculum_sp_oral_taxon_183,CuiJ_2019,0.00550909093906685,,FALSE,
Actinobaculum_sp_oral_taxon_183,JiangQ_2021,0.00550909093906685,0.0126483028346995,TRUE,TRUE
Actinobaculum_sp_oral_taxon_183,LiYJ_2023,0.00550909093906685,0.00210927319781407,TRUE,TRUE
Actinobaculum_sp_oral_taxon_183,preprint_CastilhosJ_2021,0.00550909093906685,0.000559035731110764,TRUE,TRUE
Actinobaculum_sp_oral_taxon_183,ShaiberA_2020,0.00550909093906685,0.00167318944630835,TRUE,TRUE
Actinobaculum_sp_oral_taxon_183,VQuintanaL_2024,0.00550909093906685,,FALSE,
Actinobaculum_sp_oral_taxon_183,ZellerG_2014,0.00550909093906685,0.0182902479359728,TRUE,TRUE
Actinobaculum_sp_oral_taxon_183,ZhangDY_2015,0.00550909093906685,0.0072797018053332,TRUE,TRUE
Actinobaculum_sp_oral_taxon_183,ZhuJY_2023,0.00550909093906685,0.0113372583830995,TRUE,TRUE
Actinomyces_massiliensis,ArmstrongA_2021,0.0397801325095353,0.0326008184014487,TRUE,TRUE
Actinomyces_massiliensis,BelstromD_2017,0.0397801325095353,0.0320156779443502,TRUE,TRUE
Actinomyces_massiliensis,BostanciN_2021,0.0397801325095353,0.042630974156864,TRUE,TRUE
Actinomyces_massiliensis,BuschartA_2016,0.0397801325095353,,FALSE,
Actinomyces_massiliensis,Castro-NallarE_2015,0.0397801325095353,0.0386849021115863,TRUE,TRUE
Actinomyces_massiliensis,ChenBY_2023,0.0397801325095353,,FALSE,
Actinomyces_massiliensis,ChenLW_2022,0.0397801325095353,0.0372670844708837,TRUE,TRUE
Actinomyces_massiliensis,CuiJ_2019,0.0397801325095353,0.0446692616105021,TRUE,TRUE
Actinomyces_massiliensis,JiangQ_2021,0.0397801325095353,,FALSE,
Actinomyces_massiliensis,LiYJ_2023,0.0397801325095353,0.0386187378956806,TRUE,TRUE
Actinomyces_massiliensis,preprint_CastilhosJ_2021,0.0397801325095353,0.0463109563352034,TRUE,TRUE
Actinomyces_massiliensis,ShaiberA_2020,0.0397801325095353,0.0301774776058028,TRUE,TRUE
Actinomyces_massiliensis,VQuintanaL_2024,0.0397801325095353,0.0343303301241898,TRUE,TRUE
Actinomyces_massiliensis,ZellerG_2014,0.0397801325095353,,FALSE,
Actinomyces_massiliensis,ZhangDY_2015,0.0397801325095353,,FALSE,
Actinomyces_massiliensis,ZhuJY_2023,0.0397801325095353,,FALSE,
Actinomyces_sp_oral_taxon_448,ArmstrongA_2021,-0.0143643400333184,-0.00748423125141411,TRUE,TRUE
Actinomyces_sp_oral_taxon_448,BelstromD_2017,-0.0143643400333184,,FALSE,
Actinomyces_sp_oral_taxon_448,BostanciN_2021,-0.0143643400333184,-0.0307272819797318,TRUE,TRUE
Actinomyces_sp_oral_taxon_448,BuschartA_2016,-0.0143643400333184,,FALSE,
Actinomyces_sp_oral_taxon_448,Castro-NallarE_2015,-0.0143643400333184,-0.00933740020216447,TRUE,TRUE
Actinomyces_sp_oral_taxon_448,ChenBY_2023,-0.0143643400333184,,FALSE,
Actinomyces_sp_oral_taxon_448,ChenLW_2022,-0.0143643400333184,-0.0248433390224858,TRUE,TRUE
Actinomyces_sp_oral_taxon_448,CuiJ_2019,-0.0143643400333184,-0.0131262504238573,TRUE,TRUE
Actinomyces_sp_oral_taxon_448,JiangQ_2021,-0.0143643400333184,-0.00133314827943315,TRUE,TRUE
Actinomyces_sp_oral_taxon_448,LiYJ_2023,-0.0143643400333184,-0.0159975054562029,TRUE,TRUE
Actinomyces_sp_oral_taxon_448,preprint_CastilhosJ_2021,-0.0143643400333184,-0.0337139786337403,TRUE,TRUE
Actinomyces_sp_oral_taxon_448,ShaiberA_2020,-0.0143643400333184,-0.00960795297179636,TRUE,TRUE
Actinomyces_sp_oral_taxon_448,VQuintanaL_2024,-0.0143643400333184,,FALSE,
Actinomyces_sp_oral_taxon_448,ZellerG_2014,-0.0143643400333184,,FALSE,
Actinomyces_sp_oral_taxon_448,ZhangDY_2015,-0.0143643400333184,,FALSE,
Actinomyces_sp_oral_taxon_448,ZhuJY_2023,-0.0143643400333184,,FALSE,
Aggregatibacter_segnis,ArmstrongA_2021,-0.00711150517235109,,FALSE,
Aggregatibacter_segnis,BelstromD_2017,-0.00711150517235109,,FALSE,
Aggregatibacter_segnis,BostanciN_2021,-0.00711150517235109,-0.0064737375522454,TRUE,TRUE
Aggregatibacter_segnis,BuschartA_2016,-0.00711150517235109,,FALSE,
Aggregatibacter_segnis,Castro-NallarE_2015,-0.00711150517235109,-0.00109555228238081,TRUE,TRUE
Aggregatibacter_segnis,ChenBY_2023,-0.00711150517235109,-0.00068946554775126,TRUE,TRUE
Aggregatibacter_segnis,ChenLW_2022,-0.00711150517235109,-0.0145856092976857,TRUE,TRUE
Aggregatibacter_segnis,CuiJ_2019,-0.00711150517235109,-0.00186481888854138,TRUE,TRUE
Aggregatibacter_segnis,JiangQ_2021,-0.00711150517235109,-0.00605856381949037,TRUE,TRUE
Aggregatibacter_segnis,LiYJ_2023,-0.00711150517235109,-0.00553427508070959,TRUE,TRUE
Aggregatibacter_segnis,preprint_CastilhosJ_2021,-0.00711150517235109,-0.0221284884735299,TRUE,TRUE
Aggregatibacter_segnis,ShaiberA_2020,-0.00711150517235109,,FALSE,
Aggregatibacter_segnis,VQuintanaL_2024,-0.00711150517235109,,FALSE,
Aggregatibacter_segnis,ZellerG_2014,-0.00711150517235109,-0.0121595754970561,TRUE,TRUE
Aggregatibacter_segnis,ZhangDY_2015,-0.00711150517235109,-0.0135246837509947,TRUE,TRUE
Aggregatibacter_segnis,ZhuJY_2023,-0.00711150517235109,-0.0156561424288837,TRUE,TRUE
Alloprevotella_SGB1483,ArmstrongA_2021,0.0102307800741048,0.00801263896156901,TRUE,TRUE
Alloprevotella_SGB1483,BelstromD_2017,0.0102307800741048,0.010426149149798,TRUE,TRUE
Alloprevotella_SGB1483,BostanciN_2021,0.0102307800741048,0.0376981455249424,TRUE,TRUE
Alloprevotella_SGB1483,BuschartA_2016,0.0102307800741048,0.00391363483722433,TRUE,TRUE
Alloprevotella_SGB1483,Castro-NallarE_2015,0.0102307800741048,0.00593037642146854,TRUE,TRUE
Alloprevotella_SGB1483,ChenBY_2023,0.0102307800741048,0.00749009153763954,TRUE,TRUE
Alloprevotella_SGB1483,ChenLW_2022,0.0102307800741048,,FALSE,
Alloprevotella_SGB1483,CuiJ_2019,0.0102307800741048,0.00588850012524962,TRUE,TRUE
Alloprevotella_SGB1483,JiangQ_2021,0.0102307800741048,0.00634093431496673,TRUE,TRUE
Alloprevotella_SGB1483,LiYJ_2023,0.0102307800741048,0.00914131939339902,TRUE,TRUE
Alloprevotella_SGB1483,preprint_CastilhosJ_2021,0.0102307800741048,0.00842285618778424,TRUE,TRUE
Alloprevotella_SGB1483,ShaiberA_2020,0.0102307800741048,0.00257780882798792,TRUE,TRUE
Alloprevotella_SGB1483,VQuintanaL_2024,0.0102307800741048,0.0140619833223177,TRUE,TRUE
Alloprevotella_SGB1483,ZellerG_2014,0.0102307800741048,0.0115830737396953,TRUE,TRUE
Alloprevotella_SGB1483,ZhangDY_2015,0.0102307800741048,0.0170946586397559,TRUE,TRUE
Alloprevotella_SGB1483,ZhuJY_2023,0.0102307800741048,,FALSE,
Alloprevotella_SGB1484,ArmstrongA_2021,0.0131239703452886,0.0143495659713507,TRUE,TRUE
Alloprevotella_SGB1484,BelstromD_2017,0.0131239703452886,0.00868950101372585,TRUE,TRUE
Alloprevotella_SGB1484,BostanciN_2021,0.0131239703452886,0.0027192762757138,TRUE,TRUE
Alloprevotella_SGB1484,BuschartA_2016,0.0131239703452886,0.0100836149173334,TRUE,TRUE
Alloprevotella_SGB1484,Castro-NallarE_2015,0.0131239703452886,0.014638226195367,TRUE,TRUE
Alloprevotella_SGB1484,ChenBY_2023,0.0131239703452886,0.0155371282100632,TRUE,TRUE
Alloprevotella_SGB1484,ChenLW_2022,0.0131239703452886,0.0288859721142853,TRUE,TRUE
Alloprevotella_SGB1484,CuiJ_2019,0.0131239703452886,0.017479961184917,TRUE,TRUE
Alloprevotella_SGB1484,JiangQ_2021,0.0131239703452886,0.00806412014776272,TRUE,TRUE
Alloprevotella_SGB1484,LiYJ_2023,0.0131239703452886,0.0126687055193341,TRUE,TRUE
Alloprevotella_SGB1484,preprint_CastilhosJ_2021,0.0131239703452886,0.00765953419656594,TRUE,TRUE
Alloprevotella_SGB1484,ShaiberA_2020,0.0131239703452886,0.0112226807525015,TRUE,TRUE
Alloprevotella_SGB1484,VQuintanaL_2024,0.0131239703452886,0.0145938743079935,TRUE,TRUE
Alloprevotella_SGB1484,ZellerG_2014,0.0131239703452886,0.00766226607793605,TRUE,TRUE
Alloprevotella_SGB1484,ZhangDY_2015,0.0131239703452886,0.00115990921588632,TRUE,TRUE
Alloprevotella_SGB1484,ZhuJY_2023,0.0131239703452886,0.0120063890541453,TRUE,TRUE
Campylobacter_rectus,ArmstrongA_2021,-0.0041948983865033,-0.00796970911355259,TRUE,TRUE
Campylobacter_rectus,BelstromD_2017,-0.0041948983865033,-0.00563928714260459,TRUE,TRUE
Campylobacter_rectus,BostanciN_2021,-0.0041948983865033,-0.00830715357456312,TRUE,TRUE
Campylobacter_rectus,BuschartA_2016,-0.0041948983865033,-0.0062080652737584,TRUE,TRUE
Campylobacter_rectus,Castro-NallarE_2015,-0.0041948983865033,,FALSE,
Campylobacter_rectus,ChenBY_2023,-0.0041948983865033,-0.0014131807503159,TRUE,TRUE
Campylobacter_rectus,ChenLW_2022,-0.0041948983865033,,FALSE,
Campylobacter_rectus,CuiJ_2019,-0.0041948983865033,,FALSE,
Campylobacter_rectus,JiangQ_2021,-0.0041948983865033,-0.00548554365004492,TRUE,TRUE
Campylobacter_rectus,LiYJ_2023,-0.0041948983865033,-0.00590096336796509,TRUE,TRUE
Campylobacter_rectus,preprint_CastilhosJ_2021,-0.0041948983865033,-0.0255051600289389,TRUE,TRUE
Campylobacter_rectus,ShaiberA_2020,-0.0041948983865033,,FALSE,
Campylobacter_rectus,VQuintanaL_2024,-0.0041948983865033,-0.00529062705717537,TRUE,TRUE
Campylobacter_rectus,ZellerG_2014,-0.0041948983865033,-0.00437269039160877,TRUE,TRUE
Campylobacter_rectus,ZhangDY_2015,-0.0041948983865033,-0.00185629491034951,TRUE,TRUE
Campylobacter_rectus,ZhuJY_2023,-0.0041948983865033,-0.00437624991405241,TRUE,TRUE
Campylobacter_showae,ArmstrongA_2021,-0.000738285361437699,-0.00049625471107259,TRUE,TRUE
Campylobacter_showae,BelstromD_2017,-0.000738285361437699,,FALSE,
Campylobacter_showae,BostanciN_2021,-0.000738285361437699,-0.010473772777421,TRUE,TRUE
Campylobacter_showae,BuschartA_2016,-0.000738285361437699,,FALSE,
Campylobacter_showae,Castro-NallarE_2015,-0.000738285361437699,-0.00313027110032437,TRUE,TRUE
Campylobacter_showae,ChenBY_2023,-0.000738285361437699,-0.00250125678336123,TRUE,TRUE
Campylobacter_showae,ChenLW_2022,-0.000738285361437699,-0.00114453988676716,TRUE,TRUE
Campylobacter_showae,CuiJ_2019,-0.000738285361437699,,FALSE,
Campylobacter_showae,JiangQ_2021,-0.000738285361437699,,FALSE,
Campylobacter_showae,LiYJ_2023,-0.000738285361437699,-0.00283748702686022,TRUE,TRUE
Campylobacter_showae,preprint_CastilhosJ_2021,-0.000738285361437699,,FALSE,
Campylobacter_showae,ShaiberA_2020,-0.000738285361437699,,FALSE,
Campylobacter_showae,VQuintanaL_2024,-0.000738285361437699,,FALSE,
Campylobacter_showae,ZellerG_2014,-0.000738285361437699,,FALSE,
Campylobacter_showae,ZhangDY_2015,-0.000738285361437699,,FALSE,
Campylobacter_showae,ZhuJY_2023,-0.000738285361437699,,FALSE,
Capnocytophaga_granulosa,ArmstrongA_2021,-0.0332024322800968,-0.0367061679247881,TRUE,TRUE
Capnocytophaga_granulosa,BelstromD_2017,-0.0332024322800968,-0.035901567395313,TRUE,TRUE
Capnocytophaga_granulosa,BostanciN_2021,-0.0332024322800968,-0.022592835932208,TRUE,TRUE
Capnocytophaga_granulosa,BuschartA_2016,-0.0332024322800968,-0.0378411616370915,TRUE,TRUE
Capnocytophaga_granulosa,Castro-NallarE_2015,-0.0332024322800968,-0.0283774939682693,TRUE,TRUE
Capnocytophaga_granulosa,ChenBY_2023,-0.0332024322800968,-0.0270049491771264,TRUE,TRUE
Capnocytophaga_granulosa,ChenLW_2022,-0.0332024322800968,-0.0312293525447246,TRUE,TRUE
Capnocytophaga_granulosa,CuiJ_2019,-0.0332024322800968,-0.0278779916221188,TRUE,TRUE
Capnocytophaga_granulosa,JiangQ_2021,-0.0332024322800968,-0.0311250109735319,TRUE,TRUE
Capnocytophaga_granulosa,LiYJ_2023,-0.0332024322800968,-0.0342907316116656,TRUE,TRUE
Capnocytophaga_granulosa,preprint_CastilhosJ_2021,-0.0332024322800968,-0.0309486715092724,TRUE,TRUE
Capnocytophaga_granulosa,ShaiberA_2020,-0.0332024322800968,-0.0313119168319241,TRUE,TRUE
Capnocytophaga_granulosa,VQuintanaL_2024,-0.0332024322800968,-0.0289640224705662,TRUE,TRUE
Capnocytophaga_granulosa,ZellerG_2014,-0.0332024322800968,-0.0376057796259305,TRUE,TRUE
Capnocytophaga_granulosa,ZhangDY_2015,-0.0332024322800968,-0.0412397602895373,TRUE,TRUE
Capnocytophaga_granulosa,ZhuJY_2023,-0.0332024322800968,-0.0335953539199513,TRUE,TRUE
Capnocytophaga_leadbetteri,ArmstrongA_2021,-0.0134682335533614,-0.0146242780221226,TRUE,TRUE
Capnocytophaga_leadbetteri,BelstromD_2017,-0.0134682335533614,-0.00607129579851639,TRUE,TRUE
Capnocytophaga_leadbetteri,BostanciN_2021,-0.0134682335533614,-0.0344148250407335,TRUE,TRUE
Capnocytophaga_leadbetteri,BuschartA_2016,-0.0134682335533614,-0.0140616737036612,TRUE,TRUE
Capnocytophaga_leadbetteri,Castro-NallarE_2015,-0.0134682335533614,-0.0112632123056234,TRUE,TRUE
Capnocytophaga_leadbetteri,ChenBY_2023,-0.0134682335533614,-0.0196953634583072,TRUE,TRUE
Capnocytophaga_leadbetteri,ChenLW_2022,-0.0134682335533614,-0.0176904431901946,TRUE,TRUE
Capnocytophaga_leadbetteri,CuiJ_2019,-0.0134682335533614,-0.00772605636218934,TRUE,TRUE
Capnocytophaga_leadbetteri,JiangQ_2021,-0.0134682335533614,-0.0142821569037925,TRUE,TRUE
Capnocytophaga_leadbetteri,LiYJ_2023,-0.0134682335533614,-0.0125972376627348,TRUE,TRUE
Capnocytophaga_leadbetteri,preprint_CastilhosJ_2021,-0.0134682335533614,-0.00565310411950608,TRUE,TRUE
Capnocytophaga_leadbetteri,ShaiberA_2020,-0.0134682335533614,-0.0157380326860228,TRUE,TRUE
Capnocytophaga_leadbetteri,VQuintanaL_2024,-0.0134682335533614,-0.0141193031007104,TRUE,TRUE
Capnocytophaga_leadbetteri,ZellerG_2014,-0.0134682335533614,-0.0142995216585191,TRUE,TRUE
Capnocytophaga_leadbetteri,ZhangDY_2015,-0.0134682335533614,-0.0105124232055053,TRUE,TRUE
Capnocytophaga_leadbetteri,ZhuJY_2023,-0.0134682335533614,-0.00366961209557035,TRUE,TRUE
Cardiobacterium_hominis,ArmstrongA_2021,0.0329747079926774,0.0263613648067737,TRUE,TRUE
Cardiobacterium_hominis,BelstromD_2017,0.0329747079926774,0.0281428910941879,TRUE,TRUE
Cardiobacterium_hominis,BostanciN_2021,0.0329747079926774,0.0329838746861084,TRUE,TRUE
Cardiobacterium_hominis,BuschartA_2016,0.0329747079926774,0.0277878339477255,TRUE,TRUE
Cardiobacterium_hominis,Castro-NallarE_2015,0.0329747079926774,0.030491891075729,TRUE,TRUE
Cardiobacterium_hominis,ChenBY_2023,0.0329747079926774,0.0419533858953145,TRUE,TRUE
Cardiobacterium_hominis,ChenLW_2022,0.0329747079926774,0.0345783947973307,TRUE,TRUE
Cardiobacterium_hominis,CuiJ_2019,0.0329747079926774,0.0261121351892726,TRUE,TRUE
Cardiobacterium_hominis,JiangQ_2021,0.0329747079926774,0.040870042420927,TRUE,TRUE
Cardiobacterium_hominis,LiYJ_2023,0.0329747079926774,0.030579055570956,TRUE,TRUE
Cardiobacterium_hominis,preprint_CastilhosJ_2021,0.0329747079926774,0.0375849624529614,TRUE,TRUE
Cardiobacterium_hominis,ShaiberA_2020,0.0329747079926774,0.0368426613225092,TRUE,TRUE
Cardiobacterium_hominis,VQuintanaL_2024,0.0329747079926774,0.0172345060649593,TRUE,TRUE
Cardiobacterium_hominis,ZellerG_2014,0.0329747079926774,0.0554657211562455,TRUE,TRUE
Cardiobacterium_hominis,ZhangDY_2015,0.0329747079926774,0.0398746011365728,TRUE,TRUE
Cardiobacterium_hominis,ZhuJY_2023,0.0329747079926774,0.0333308134604786,TRUE,TRUE
Eubacterium_infirmum,ArmstrongA_2021,0.0240510203825034,0.0291326002698788,TRUE,TRUE
Eubacterium_infirmum,BelstromD_2017,0.0240510203825034,0.0171946719973924,TRUE,TRUE
Eubacterium_infirmum,BostanciN_2021,0.0240510203825034,0.01615853233007,TRUE,TRUE
Eubacterium_infirmum,BuschartA_2016,0.0240510203825034,0.0130934843705811,TRUE,TRUE
Eubacterium_infirmum,Castro-NallarE_2015,0.0240510203825034,0.0209405072932126,TRUE,TRUE
Eubacterium_infirmum,ChenBY_2023,0.0240510203825034,0.0169951266971464,TRUE,TRUE
Eubacterium_infirmum,ChenLW_2022,0.0240510203825034,0.0246427133788345,TRUE,TRUE
Eubacterium_infirmum,CuiJ_2019,0.0240510203825034,0.0384956693002231,TRUE,TRUE
Eubacterium_infirmum,JiangQ_2021,0.0240510203825034,0.0191842389561268,TRUE,TRUE
Eubacterium_infirmum,LiYJ_2023,0.0240510203825034,0.0298620116451236,TRUE,TRUE
Eubacterium_infirmum,preprint_CastilhosJ_2021,0.0240510203825034,0.00251391110152964,TRUE,TRUE
Eubacterium_infirmum,ShaiberA_2020,0.0240510203825034,0.0297770101025336,TRUE,TRUE
Eubacterium_infirmum,VQuintanaL_2024,0.0240510203825034,0.00970048610013755,TRUE,TRUE
Eubacterium_infirmum,ZellerG_2014,0.0240510203825034,0.019947581114153,TRUE,TRUE
Eubacterium_infirmum,ZhangDY_2015,0.0240510203825034,,FALSE,
Eubacterium_infirmum,ZhuJY_2023,0.0240510203825034,0.000339284452730708,TRUE,TRUE
Eubacterium_sulci,ArmstrongA_2021,0.00563935279500839,0.00167772270285652,TRUE,TRUE
Eubacterium_sulci,BelstromD_2017,0.00563935279500839,0.00219080462763761,TRUE,TRUE
Eubacterium_sulci,BostanciN_2021,0.00563935279500839,0.0111245403164011,TRUE,TRUE
Eubacterium_sulci,BuschartA_2016,0.00563935279500839,,FALSE,
Eubacterium_sulci,Castro-NallarE_2015,0.00563935279500839,0.00235051766401704,TRUE,TRUE
Eubacterium_sulci,ChenBY_2023,0.00563935279500839,0.00476951115751063,TRUE,TRUE
Eubacterium_sulci,ChenLW_2022,0.00563935279500839,0.00618569374102561,TRUE,TRUE
Eubacterium_sulci,CuiJ_2019,0.00563935279500839,0.0032822931722158,TRUE,TRUE
Eubacterium_sulci,JiangQ_2021,0.00563935279500839,0.00482936927351737,TRUE,TRUE
Eubacterium_sulci,LiYJ_2023,0.00563935279500839,0.00459568870414141,TRUE,TRUE
Eubacterium_sulci,preprint_CastilhosJ_2021,0.00563935279500839,,FALSE,
Eubacterium_sulci,ShaiberA_2020,0.00563935279500839,0.0101085997888294,TRUE,TRUE
Eubacterium_sulci,VQuintanaL_2024,0.00563935279500839,,FALSE,
Eubacterium_sulci,ZellerG_2014,0.00563935279500839,0.00349617802610251,TRUE,TRUE
Eubacterium_sulci,ZhangDY_2015,0.00563935279500839,0.00353352156120098,TRUE,TRUE
Eubacterium_sulci,ZhuJY_2023,0.00563935279500839,0.00759511837495657,TRUE,TRUE
Filifactor_alocis,ArmstrongA_2021,-0.00325028982625916,,FALSE,
Filifactor_alocis,BelstromD_2017,-0.00325028982625916,,FALSE,
Filifactor_alocis,BostanciN_2021,-0.00325028982625916,,FALSE,
Filifactor_alocis,BuschartA_2016,-0.00325028982625916,,FALSE,
Filifactor_alocis,Castro-NallarE_2015,-0.00325028982625916,,FALSE,
Filifactor_alocis,ChenBY_2023,-0.00325028982625916,,FALSE,
Filifactor_alocis,ChenLW_2022,-0.00325028982625916,,FALSE,
Filifactor_alocis,CuiJ_2019,-0.00325028982625916,-0.0168763224116878,TRUE,TRUE
Filifactor_alocis,JiangQ_2021,-0.00325028982625916,,FALSE,
Filifactor_alocis,LiYJ_2023,-0.00325028982625916,-0.00212177938834927,TRUE,TRUE
Filifactor_alocis,preprint_CastilhosJ_2021,-0.00325028982625916,,FALSE,
Filifactor_alocis,ShaiberA_2020,-0.00325028982625916,,FALSE,
Filifactor_alocis,VQuintanaL_2024,-0.00325028982625916,-0.00226545707011695,TRUE,TRUE
Filifactor_alocis,ZellerG_2014,-0.00325028982625916,,FALSE,
Filifactor_alocis,ZhangDY_2015,-0.00325028982625916,-0.0110755736936475,TRUE,TRUE
Filifactor_alocis,ZhuJY_2023,-0.00325028982625916,-0.0217368725204325,TRUE,TRUE
Fusobacterium_periodonticum,ArmstrongA_2021,0.026092156046202,0.0186613125062139,TRUE,TRUE
Fusobacterium_periodonticum,BelstromD_2017,0.026092156046202,0.0204459205794945,TRUE,TRUE
Fusobacterium_periodonticum,BostanciN_2021,0.026092156046202,0.0164749410631845,TRUE,TRUE
Fusobacterium_periodonticum,BuschartA_2016,0.026092156046202,0.0332586445332907,TRUE,TRUE
Fusobacterium_periodonticum,Castro-NallarE_2015,0.026092156046202,0.0255399693784226,TRUE,TRUE
Fusobacterium_periodonticum,ChenBY_2023,0.026092156046202,0.0311724424032347,TRUE,TRUE
Fusobacterium_periodonticum,ChenLW_2022,0.026092156046202,0.0179605778147993,TRUE,TRUE
Fusobacterium_periodonticum,CuiJ_2019,0.026092156046202,0.0264846505651784,TRUE,TRUE
Fusobacterium_periodonticum,JiangQ_2021,0.026092156046202,0.0220732219242817,TRUE,TRUE
Fusobacterium_periodonticum,LiYJ_2023,0.026092156046202,0.0271740507387332,TRUE,TRUE
Fusobacterium_periodonticum,preprint_CastilhosJ_2021,0.026092156046202,0.0255942351071804,TRUE,TRUE
Fusobacterium_periodonticum,ShaiberA_2020,0.026092156046202,0.0217911260526079,TRUE,TRUE
Fusobacterium_periodonticum,VQuintanaL_2024,0.026092156046202,0.0271217305545752,TRUE,TRUE
Fusobacterium_periodonticum,ZellerG_2014,0.026092156046202,0.0391457476731673,TRUE,TRUE
Fusobacterium_periodonticum,ZhangDY_2015,0.026092156046202,0.0199327963816873,TRUE,TRUE
Fusobacterium_periodonticum,ZhuJY_2023,0.026092156046202,0.0245661491759278,TRUE,TRUE
GGB1026_SGB1321,ArmstrongA_2021,-0.0389538725625881,-0.0331496215731193,TRUE,TRUE
GGB1026_SGB1321,BelstromD_2017,-0.0389538725625881,-0.035274527977213,TRUE,TRUE
GGB1026_SGB1321,BostanciN_2021,-0.0389538725625881,-0.0218349990719493,TRUE,TRUE
GGB1026_SGB1321,BuschartA_2016,-0.0389538725625881,-0.0287872290961915,TRUE,TRUE
GGB1026_SGB1321,Castro-NallarE_2015,-0.0389538725625881,-0.0355619348858809,TRUE,TRUE
GGB1026_SGB1321,ChenBY_2023,-0.0389538725625881,-0.0306810302795814,TRUE,TRUE
GGB1026_SGB1321,ChenLW_2022,-0.0389538725625881,-0.0304122358046392,TRUE,TRUE
GGB1026_SGB1321,CuiJ_2019,-0.0389538725625881,-0.0369662841995922,TRUE,TRUE
GGB1026_SGB1321,JiangQ_2021,-0.0389538725625881,-0.0354909321743115,TRUE,TRUE
GGB1026_SGB1321,LiYJ_2023,-0.0389538725625881,-0.0404685134497233,TRUE,TRUE
GGB1026_SGB1321,preprint_CastilhosJ_2021,-0.0389538725625881,-0.0277784918641605,TRUE,TRUE
GGB1026_SGB1321,ShaiberA_2020,-0.0389538725625881,-0.044138547061589,TRUE,TRUE
GGB1026_SGB1321,VQuintanaL_2024,-0.0389538725625881,-0.0227008351740579,TRUE,TRUE
GGB1026_SGB1321,ZellerG_2014,-0.0389538725625881,-0.0450103029820134,TRUE,TRUE
GGB1026_SGB1321,ZhangDY_2015,-0.0389538725625881,-0.0483570186070638,TRUE,TRUE
GGB1026_SGB1321,ZhuJY_2023,-0.0389538725625881,-0.0172072939325429,TRUE,TRUE
GGB1202_SGB1566,ArmstrongA_2021,0.018192771110382,0.00379248166934818,TRUE,TRUE
GGB1202_SGB1566,BelstromD_2017,0.018192771110382,0.0136624432956648,TRUE,TRUE
GGB1202_SGB1566,BostanciN_2021,0.018192771110382,0.0349458063192515,TRUE,TRUE
GGB1202_SGB1566,BuschartA_2016,0.018192771110382,0.00933009416627396,TRUE,TRUE
GGB1202_SGB1566,Castro-NallarE_2015,0.018192771110382,0.0207833735449589,TRUE,TRUE
GGB1202_SGB1566,ChenBY_2023,0.018192771110382,0.0216416720715117,TRUE,TRUE
GGB1202_SGB1566,ChenLW_2022,0.018192771110382,0.00719564049002582,TRUE,TRUE
GGB1202_SGB1566,CuiJ_2019,0.018192771110382,,FALSE,
GGB1202_SGB1566,JiangQ_2021,0.018192771110382,0.00986130386068447,TRUE,TRUE
GGB1202_SGB1566,LiYJ_2023,0.018192771110382,0.0207378176903723,TRUE,TRUE
GGB1202_SGB1566,preprint_CastilhosJ_2021,0.018192771110382,0.0522635954267018,TRUE,TRUE
GGB1202_SGB1566,ShaiberA_2020,0.018192771110382,0.0128337649004577,TRUE,TRUE
GGB1202_SGB1566,VQuintanaL_2024,0.018192771110382,0.0257440268130543,TRUE,TRUE
GGB1202_SGB1566,ZellerG_2014,0.018192771110382,0.0190380368546513,TRUE,TRUE
GGB1202_SGB1566,ZhangDY_2015,0.018192771110382,0.0201637889624242,TRUE,TRUE
GGB1202_SGB1566,ZhuJY_2023,0.018192771110382,,FALSE,
GGB12441_SGB19290,ArmstrongA_2021,0.0194643225467411,0.0142022998946848,TRUE,TRUE
GGB12441_SGB19290,BelstromD_2017,0.0194643225467411,0.016366520500809,TRUE,TRUE
GGB12441_SGB19290,BostanciN_2021,0.0194643225467411,0.0163411314682168,TRUE,TRUE
GGB12441_SGB19290,BuschartA_2016,0.0194643225467411,0.00828600918922141,TRUE,TRUE
GGB12441_SGB19290,Castro-NallarE_2015,0.0194643225467411,0.0156457497304262,TRUE,TRUE
GGB12441_SGB19290,ChenBY_2023,0.0194643225467411,0.0144568425786074,TRUE,TRUE
GGB12441_SGB19290,ChenLW_2022,0.0194643225467411,0.0300437229143057,TRUE,TRUE
GGB12441_SGB19290,CuiJ_2019,0.0194643225467411,0.0187339916939371,TRUE,TRUE
GGB12441_SGB19290,JiangQ_2021,0.0194643225467411,0.0150513275823943,TRUE,TRUE
GGB12441_SGB19290,LiYJ_2023,0.0194643225467411,0.0205522872695085,TRUE,TRUE
GGB12441_SGB19290,preprint_CastilhosJ_2021,0.0194643225467411,0.0246970899787087,TRUE,TRUE
GGB12441_SGB19290,ShaiberA_2020,0.0194643225467411,0.013784963592992,TRUE,TRUE
GGB12441_SGB19290,VQuintanaL_2024,0.0194643225467411,0.0107698546282297,TRUE,TRUE
GGB12441_SGB19290,ZellerG_2014,0.0194643225467411,0.0302309312680896,TRUE,TRUE
GGB12441_SGB19290,ZhangDY_2015,0.0194643225467411,0.0152924773527667,TRUE,TRUE
GGB12441_SGB19290,ZhuJY_2023,0.0194643225467411,0.0270522250159316,TRUE,TRUE
GGB12785_SGB19827,ArmstrongA_2021,0.0144700667468424,0.0136523802751324,TRUE,TRUE
GGB12785_SGB19827,BelstromD_2017,0.0144700667468424,0.0105054656411917,TRUE,TRUE
GGB12785_SGB19827,BostanciN_2021,0.0144700667468424,0.00765601109101116,TRUE,TRUE
GGB12785_SGB19827,BuschartA_2016,0.0144700667468424,0.00974334263011855,TRUE,TRUE
GGB12785_SGB19827,Castro-NallarE_2015,0.0144700667468424,0.0140496584738464,TRUE,TRUE
GGB12785_SGB19827,ChenBY_2023,0.0144700667468424,,FALSE,
GGB12785_SGB19827,ChenLW_2022,0.0144700667468424,0.00453835824805605,TRUE,TRUE
GGB12785_SGB19827,CuiJ_2019,0.0144700667468424,,FALSE,
GGB12785_SGB19827,JiangQ_2021,0.0144700667468424,0.00767868172115341,TRUE,TRUE
GGB12785_SGB19827,LiYJ_2023,0.0144700667468424,,FALSE,
GGB12785_SGB19827,preprint_CastilhosJ_2021,0.0144700667468424,0.0106731978814172,TRUE,TRUE
GGB12785_SGB19827,ShaiberA_2020,0.0144700667468424,0.0117315430377596,TRUE,TRUE
GGB12785_SGB19827,VQuintanaL_2024,0.0144700667468424,,FALSE,
GGB12785_SGB19827,ZellerG_2014,0.0144700667468424,0.0216507956516979,TRUE,TRUE
GGB12785_SGB19827,ZhangDY_2015,0.0144700667468424,,FALSE,
GGB12785_SGB19827,ZhuJY_2023,0.0144700667468424,,FALSE,
GGB3887_SGB5270,ArmstrongA_2021,-0.0110005335974297,-0.0145107487284461,TRUE,TRUE
GGB3887_SGB5270,BelstromD_2017,-0.0110005335974297,-0.00474230970608977,TRUE,TRUE
GGB3887_SGB5270,BostanciN_2021,-0.0110005335974297,-0.019873689306713,TRUE,TRUE
GGB3887_SGB5270,BuschartA_2016,-0.0110005335974297,,FALSE,
GGB3887_SGB5270,Castro-NallarE_2015,-0.0110005335974297,-0.00807128199840028,TRUE,TRUE
GGB3887_SGB5270,ChenBY_2023,-0.0110005335974297,-0.0087465412731709,TRUE,TRUE
GGB3887_SGB5270,ChenLW_2022,-0.0110005335974297,-0.0117816503141208,TRUE,TRUE
GGB3887_SGB5270,CuiJ_2019,-0.0110005335974297,-0.0122180468435372,TRUE,TRUE
GGB3887_SGB5270,JiangQ_2021,-0.0110005335974297,-0.0110228431641176,TRUE,TRUE
GGB3887_SGB5270,LiYJ_2023,-0.0110005335974297,-0.0100915699944641,TRUE,TRUE
GGB3887_SGB5270,preprint_CastilhosJ_2021,-0.0110005335974297,-0.007896904179653,TRUE,TRUE
GGB3887_SGB5270,ShaiberA_2020,-0.0110005335974297,-0.0126973530309711,TRUE,TRUE
GGB3887_SGB5270,VQuintanaL_2024,-0.0110005335974297,-0.0176827362603382,TRUE,TRUE
GGB3887_SGB5270,ZellerG_2014,-0.0110005335974297,-0.0162158019490801,TRUE,TRUE
GGB3887_SGB5270,ZhangDY_2015,-0.0110005335974297,-0.00891430321935678,TRUE,TRUE
GGB3887_SGB5270,ZhuJY_2023,-0.0110005335974297,-0.0113244349338448,TRUE,TRUE
GGB4533_SGB6246,ArmstrongA_2021,-0.00971920724697462,-0.00751140116394824,TRUE,TRUE
GGB4533_SGB6246,BelstromD_2017,-0.00971920724697462,-0.0101635168201237,TRUE,TRUE
GGB4533_SGB6246,BostanciN_2021,-0.00971920724697462,,FALSE,
GGB4533_SGB6246,BuschartA_2016,-0.00971920724697462,-0.00755496641347563,TRUE,TRUE
GGB4533_SGB6246,Castro-NallarE_2015,-0.00971920724697462,-0.00844379616214781,TRUE,TRUE
GGB4533_SGB6246,ChenBY_2023,-0.00971920724697462,,FALSE,
GGB4533_SGB6246,ChenLW_2022,-0.00971920724697462,-0.0132910711016111,TRUE,TRUE
GGB4533_SGB6246,CuiJ_2019,-0.00971920724697462,-0.0215186183014159,TRUE,TRUE
GGB4533_SGB6246,JiangQ_2021,-0.00971920724697462,-0.0105976288914154,TRUE,TRUE
GGB4533_SGB6246,LiYJ_2023,-0.00971920724697462,-0.00520983373528287,TRUE,TRUE
GGB4533_SGB6246,preprint_CastilhosJ_2021,-0.00971920724697462,-0.00916893849457297,TRUE,TRUE
GGB4533_SGB6246,ShaiberA_2020,-0.00971920724697462,-0.0129408654970325,TRUE,TRUE
GGB4533_SGB6246,VQuintanaL_2024,-0.00971920724697462,-0.00511809998018199,TRUE,TRUE
GGB4533_SGB6246,ZellerG_2014,-0.00971920724697462,-0.0163090671425051,TRUE,TRUE
GGB4533_SGB6246,ZhangDY_2015,-0.00971920724697462,-0.0136495480689099,TRUE,TRUE
GGB4533_SGB6246,ZhuJY_2023,-0.00971920724697462,-0.00528245222071404,TRUE,TRUE
GGB4936_SGB6889,ArmstrongA_2021,0.0112519376392682,0.00615736766198399,TRUE,TRUE
GGB4936_SGB6889,BelstromD_2017,0.0112519376392682,0.00866806629264472,TRUE,TRUE
GGB4936_SGB6889,BostanciN_2021,0.0112519376392682,0.0227879172473644,TRUE,TRUE
GGB4936_SGB6889,BuschartA_2016,0.0112519376392682,0.00177714036068959,TRUE,TRUE
GGB4936_SGB6889,Castro-NallarE_2015,0.0112519376392682,0.00726399138269258,TRUE,TRUE
GGB4936_SGB6889,ChenBY_2023,0.0112519376392682,0.00603519219456846,TRUE,TRUE
GGB4936_SGB6889,ChenLW_2022,0.0112519376392682,0.00490697857209209,TRUE,TRUE
GGB4936_SGB6889,CuiJ_2019,0.0112519376392682,0.00807391939103407,TRUE,TRUE
GGB4936_SGB6889,JiangQ_2021,0.0112519376392682,0.0137822505201486,TRUE,TRUE
GGB4936_SGB6889,LiYJ_2023,0.0112519376392682,0.0120593631277005,TRUE,TRUE
GGB4936_SGB6889,preprint_CastilhosJ_2021,0.0112519376392682,0.0124091457660417,TRUE,TRUE
GGB4936_SGB6889,ShaiberA_2020,0.0112519376392682,0.0108192488670127,TRUE,TRUE
GGB4936_SGB6889,VQuintanaL_2024,0.0112519376392682,0.0135069709679365,TRUE,TRUE
GGB4936_SGB6889,ZellerG_2014,0.0112519376392682,0.00896839117515482,TRUE,TRUE
GGB4936_SGB6889,ZhangDY_2015,0.0112519376392682,0.0199735183377517,TRUE,TRUE
GGB4936_SGB6889,ZhuJY_2023,0.0112519376392682,0.0103860188478787,TRUE,TRUE
Granulicatella_adiacens,ArmstrongA_2021,0.00500510158463491,,FALSE,
Granulicatella_adiacens,BelstromD_2017,0.00500510158463491,,FALSE,
Granulicatella_adiacens,BostanciN_2021,0.00500510158463491,0.0183565629806968,TRUE,TRUE
Granulicatella_adiacens,BuschartA_2016,0.00500510158463491,,FALSE,
Granulicatella_adiacens,Castro-NallarE_2015,0.00500510158463491,0.000777634735073823,TRUE,TRUE
Granulicatella_adiacens,ChenBY_2023,0.00500510158463491,,FALSE,
Granulicatella_adiacens,ChenLW_2022,0.00500510158463491,0.0219481712177294,TRUE,TRUE
Granulicatella_adiacens,CuiJ_2019,0.00500510158463491,0.00458207324588419,TRUE,TRUE
Granulicatella_adiacens,JiangQ_2021,0.00500510158463491,0.00261996028610967,TRUE,TRUE
Granulicatella_adiacens,LiYJ_2023,0.00500510158463491,0.00726906938024014,TRUE,TRUE
Granulicatella_adiacens,preprint_CastilhosJ_2021,0.00500510158463491,-0.00666372779115339,TRUE,FALSE
Granulicatella_adiacens,ShaiberA_2020,0.00500510158463491,1.93039073548494e-05,TRUE,TRUE
Granulicatella_adiacens,VQuintanaL_2024,0.00500510158463491,0.000302576574494005,TRUE,TRUE
Granulicatella_adiacens,ZellerG_2014,0.00500510158463491,0.0108316991969529,TRUE,TRUE
Granulicatella_adiacens,ZhangDY_2015,0.00500510158463491,,FALSE,
Granulicatella_adiacens,ZhuJY_2023,0.00500510158463491,0.0144845415161403,TRUE,TRUE
Haemophilus_sputorum,ArmstrongA_2021,0.0566946432627792,0.0589263699771817,TRUE,TRUE
Haemophilus_sputorum,BelstromD_2017,0.0566946432627792,0.0532736997730673,TRUE,TRUE
Haemophilus_sputorum,BostanciN_2021,0.0566946432627792,0.0430461193671917,TRUE,TRUE
Haemophilus_sputorum,BuschartA_2016,0.0566946432627792,0.0603517383981316,TRUE,TRUE
Haemophilus_sputorum,Castro-NallarE_2015,0.0566946432627792,0.0568974490150502,TRUE,TRUE
Haemophilus_sputorum,ChenBY_2023,0.0566946432627792,0.0509800230991573,TRUE,TRUE
Haemophilus_sputorum,ChenLW_2022,0.0566946432627792,0.0685755585428855,TRUE,TRUE
Haemophilus_sputorum,CuiJ_2019,0.0566946432627792,0.0527759817950481,TRUE,TRUE
Haemophilus_sputorum,JiangQ_2021,0.0566946432627792,0.056700142976194,TRUE,TRUE
Haemophilus_sputorum,LiYJ_2023,0.0566946432627792,0.058215955674422,TRUE,TRUE
Haemophilus_sputorum,preprint_CastilhosJ_2021,0.0566946432627792,0.0658307958299734,TRUE,TRUE
Haemophilus_sputorum,ShaiberA_2020,0.0566946432627792,0.05301821975697,TRUE,TRUE
Haemophilus_sputorum,VQuintanaL_2024,0.0566946432627792,0.0518947642114252,TRUE,TRUE
Haemophilus_sputorum,ZellerG_2014,0.0566946432627792,0.057515252397441,TRUE,TRUE
Haemophilus_sputorum,ZhangDY_2015,0.0566946432627792,0.0393304701004486,TRUE,TRUE
Haemophilus_sputorum,ZhuJY_2023,0.0566946432627792,0.0513677710693493,TRUE,TRUE
Lancefieldella_parvula,ArmstrongA_2021,-0.0126699496481373,-0.00715658457919832,TRUE,TRUE
Lancefieldella_parvula,BelstromD_2017,-0.0126699496481373,-0.00868648508447198,TRUE,TRUE
Lancefieldella_parvula,BostanciN_2021,-0.0126699496481373,-0.0559744847480395,TRUE,TRUE
Lancefieldella_parvula,BuschartA_2016,-0.0126699496481373,-0.00578386541147301,TRUE,TRUE
Lancefieldella_parvula,Castro-NallarE_2015,-0.0126699496481373,-0.00806377656787286,TRUE,TRUE
Lancefieldella_parvula,ChenBY_2023,-0.0126699496481373,-0.0139811345441437,TRUE,TRUE
Lancefieldella_parvula,ChenLW_2022,-0.0126699496481373,,FALSE,
Lancefieldella_parvula,CuiJ_2019,-0.0126699496481373,-0.0107325478963894,TRUE,TRUE
Lancefieldella_parvula,JiangQ_2021,-0.0126699496481373,-0.00704579883915633,TRUE,TRUE
Lancefieldella_parvula,LiYJ_2023,-0.0126699496481373,-0.0134979252348949,TRUE,TRUE
Lancefieldella_parvula,preprint_CastilhosJ_2021,-0.0126699496481373,-0.0238448462202734,TRUE,TRUE
Lancefieldella_parvula,ShaiberA_2020,-0.0126699496481373,-0.012008454756887,TRUE,TRUE
Lancefieldella_parvula,VQuintanaL_2024,-0.0126699496481373,-0.00398416833284196,TRUE,TRUE
Lancefieldella_parvula,ZellerG_2014,-0.0126699496481373,-0.00976773221159389,TRUE,TRUE
Lancefieldella_parvula,ZhangDY_2015,-0.0126699496481373,-0.00626519863484825,TRUE,TRUE
Lancefieldella_parvula,ZhuJY_2023,-0.0126699496481373,-0.0264468994966078,TRUE,TRUE
Lancefieldella_rimae,ArmstrongA_2021,0.0276391392194967,0.0217388482563385,TRUE,TRUE
Lancefieldella_rimae,BelstromD_2017,0.0276391392194967,0.0224535394572098,TRUE,TRUE
Lancefieldella_rimae,BostanciN_2021,0.0276391392194967,0.0460086744688756,TRUE,TRUE
Lancefieldella_rimae,BuschartA_2016,0.0276391392194967,0.0271917559175929,TRUE,TRUE
Lancefieldella_rimae,Castro-NallarE_2015,0.0276391392194967,0.0210578625465346,TRUE,TRUE
Lancefieldella_rimae,ChenBY_2023,0.0276391392194967,0.0164284006571098,TRUE,TRUE
Lancefieldella_rimae,ChenLW_2022,0.0276391392194967,0.028971518806054,TRUE,TRUE
Lancefieldella_rimae,CuiJ_2019,0.0276391392194967,0.0132109276716685,TRUE,TRUE
Lancefieldella_rimae,JiangQ_2021,0.0276391392194967,0.0228448039186711,TRUE,TRUE
Lancefieldella_rimae,LiYJ_2023,0.0276391392194967,0.0302840240962077,TRUE,TRUE
Lancefieldella_rimae,preprint_CastilhosJ_2021,0.0276391392194967,0.0137066767440713,TRUE,TRUE
Lancefieldella_rimae,ShaiberA_2020,0.0276391392194967,0.0368531621830316,TRUE,TRUE
Lancefieldella_rimae,VQuintanaL_2024,0.0276391392194967,0.0192314563159857,TRUE,TRUE
Lancefieldella_rimae,ZellerG_2014,0.0276391392194967,0.0353618223780414,TRUE,TRUE
Lancefieldella_rimae,ZhangDY_2015,0.0276391392194967,0.0216040386723863,TRUE,TRUE
Lancefieldella_rimae,ZhuJY_2023,0.0276391392194967,0.0323477997078648,TRUE,TRUE
Lautropia_mirabilis,ArmstrongA_2021,-0.00836258098121049,,FALSE,
Lautropia_mirabilis,BelstromD_2017,-0.00836258098121049,-0.00464770049685894,TRUE,TRUE
Lautropia_mirabilis,BostanciN_2021,-0.00836258098121049,-0.0126030785639256,TRUE,TRUE
Lautropia_mirabilis,BuschartA_2016,-0.00836258098121049,,FALSE,
Lautropia_mirabilis,Castro-NallarE_2015,-0.00836258098121049,-0.00731215406638116,TRUE,TRUE
Lautropia_mirabilis,ChenBY_2023,-0.00836258098121049,,FALSE,
Lautropia_mirabilis,ChenLW_2022,-0.00836258098121049,-0.0152000902642728,TRUE,TRUE
Lautropia_mirabilis,CuiJ_2019,-0.00836258098121049,-0.00382011683778267,TRUE,TRUE
Lautropia_mirabilis,JiangQ_2021,-0.00836258098121049,-0.00544935538127823,TRUE,TRUE
Lautropia_mirabilis,LiYJ_2023,-0.00836258098121049,-0.00909840481653032,TRUE,TRUE
Lautropia_mirabilis,preprint_CastilhosJ_2021,-0.00836258098121049,-0.011373490119861,TRUE,TRUE
Lautropia_mirabilis,ShaiberA_2020,-0.00836258098121049,-0.00929751121491475,TRUE,TRUE
Lautropia_mirabilis,VQuintanaL_2024,-0.00836258098121049,-0.00367496812852823,TRUE,TRUE
Lautropia_mirabilis,ZellerG_2014,-0.00836258098121049,-0.0132247948234076,TRUE,TRUE
Lautropia_mirabilis,ZhangDY_2015,-0.00836258098121049,-0.00411511092914217,TRUE,TRUE
Lautropia_mirabilis,ZhuJY_2023,-0.00836258098121049,-0.0119200252894676,TRUE,TRUE
Neisseria_subflava,ArmstrongA_2021,0.0361162283556937,0.0340428568265973,TRUE,TRUE
Neisseria_subflava,BelstromD_2017,0.0361162283556937,0.0355041810267263,TRUE,TRUE
Neisseria_subflava,BostanciN_2021,0.0361162283556937,0.0516443598095489,TRUE,TRUE
Neisseria_subflava,BuschartA_2016,0.0361162283556937,0.0272185580974506,TRUE,TRUE
Neisseria_subflava,Castro-NallarE_2015,0.0361162283556937,0.0363220356341271,TRUE,TRUE
Neisseria_subflava,ChenBY_2023,0.0361162283556937,0.0339912068568619,TRUE,TRUE
Neisseria_subflava,ChenLW_2022,0.0361162283556937,0.00818866462217134,TRUE,TRUE
Neisseria_subflava,CuiJ_2019,0.0361162283556937,0.0365471289053093,TRUE,TRUE
Neisseria_subflava,JiangQ_2021,0.0361162283556937,0.0318074690196698,TRUE,TRUE
Neisseria_subflava,LiYJ_2023,0.0361162283556937,0.03939849683843,TRUE,TRUE
Neisseria_subflava,preprint_CastilhosJ_2021,0.0361162283556937,0.0567053207547132,TRUE,TRUE
Neisseria_subflava,ShaiberA_2020,0.0361162283556937,0.0352995355386518,TRUE,TRUE
Neisseria_subflava,VQuintanaL_2024,0.0361162283556937,0.0327276443997125,TRUE,TRUE
Neisseria_subflava,ZellerG_2014,0.0361162283556937,0.0465360388557228,TRUE,TRUE
Neisseria_subflava,ZhangDY_2015,0.0361162283556937,0.028316779143569,TRUE,TRUE
Neisseria_subflava,ZhuJY_2023,0.0361162283556937,0.0479970848440638,TRUE,TRUE
Oribacterium_SGB96486,ArmstrongA_2021,0.00576499882286925,0.00552333608407514,TRUE,TRUE
Oribacterium_SGB96486,BelstromD_2017,0.00576499882286925,0.00133041317458513,TRUE,TRUE
Oribacterium_SGB96486,BostanciN_2021,0.00576499882286925,0.0298492090723249,TRUE,TRUE
Oribacterium_SGB96486,BuschartA_2016,0.00576499882286925,0.00196748861816333,TRUE,TRUE
Oribacterium_SGB96486,Castro-NallarE_2015,0.00576499882286925,0.00616895789912959,TRUE,TRUE
Oribacterium_SGB96486,ChenBY_2023,0.00576499882286925,,FALSE,
Oribacterium_SGB96486,ChenLW_2022,0.00576499882286925,0.00482004074545751,TRUE,TRUE
Oribacterium_SGB96486,CuiJ_2019,0.00576499882286925,,FALSE,
Oribacterium_SGB96486,JiangQ_2021,0.00576499882286925,,FALSE,
Oribacterium_SGB96486,LiYJ_2023,0.00576499882286925,,FALSE,
Oribacterium_SGB96486,preprint_CastilhosJ_2021,0.00576499882286925,0.0345643849380434,TRUE,TRUE
Oribacterium_SGB96486,ShaiberA_2020,0.00576499882286925,,FALSE,
Oribacterium_SGB96486,VQuintanaL_2024,0.00576499882286925,0.000327318997114263,TRUE,TRUE
Oribacterium_SGB96486,ZellerG_2014,0.00576499882286925,0.0125324268880547,TRUE,TRUE
Oribacterium_SGB96486,ZhangDY_2015,0.00576499882286925,,FALSE,
Oribacterium_SGB96486,ZhuJY_2023,0.00576499882286925,,FALSE,
Prevotella_histicola,ArmstrongA_2021,0.00563341800849472,,FALSE,
Prevotella_histicola,BelstromD_2017,0.00563341800849472,,FALSE,
Prevotella_histicola,BostanciN_2021,0.00563341800849472,0.011176629898393,TRUE,TRUE
Prevotella_histicola,BuschartA_2016,0.00563341800849472,,FALSE,
Prevotella_histicola,Castro-NallarE_2015,0.00563341800849472,0.00127523093671523,TRUE,TRUE
Prevotella_histicola,ChenBY_2023,0.00563341800849472,0.000256018918361357,TRUE,TRUE
Prevotella_histicola,ChenLW_2022,0.00563341800849472,,FALSE,
Prevotella_histicola,CuiJ_2019,0.00563341800849472,0.00277623885711418,TRUE,TRUE
Prevotella_histicola,JiangQ_2021,0.00563341800849472,,FALSE,
Prevotella_histicola,LiYJ_2023,0.00563341800849472,0.00667233514725585,TRUE,TRUE
Prevotella_histicola,preprint_CastilhosJ_2021,0.00563341800849472,,FALSE,
Prevotella_histicola,ShaiberA_2020,0.00563341800849472,0.00988281260347449,TRUE,TRUE
Prevotella_histicola,VQuintanaL_2024,0.00563341800849472,,FALSE,
Prevotella_histicola,ZellerG_2014,0.00563341800849472,0.0121354178092946,TRUE,TRUE
Prevotella_histicola,ZhangDY_2015,0.00563341800849472,0.0043939415308084,TRUE,TRUE
Prevotella_histicola,ZhuJY_2023,0.00563341800849472,0.0113064203417621,TRUE,TRUE
Prevotella_nanceiensis,ArmstrongA_2021,0.0243576554013032,0.0300765081530539,TRUE,TRUE
Prevotella_nanceiensis,BelstromD_2017,0.0243576554013032,0.0193100402076268,TRUE,TRUE
Prevotella_nanceiensis,BostanciN_2021,0.0243576554013032,0.011075926944296,TRUE,TRUE
Prevotella_nanceiensis,BuschartA_2016,0.0243576554013032,0.0230282266136458,TRUE,TRUE
Prevotella_nanceiensis,Castro-NallarE_2015,0.0243576554013032,0.0197002837763394,TRUE,TRUE
Prevotella_nanceiensis,ChenBY_2023,0.0243576554013032,0.0281799033306489,TRUE,TRUE
Prevotella_nanceiensis,ChenLW_2022,0.0243576554013032,0.0214774302092907,TRUE,TRUE
Prevotella_nanceiensis,CuiJ_2019,0.0243576554013032,0.0276835362993818,TRUE,TRUE
Prevotella_nanceiensis,JiangQ_2021,0.0243576554013032,0.0242523994703854,TRUE,TRUE
Prevotella_nanceiensis,LiYJ_2023,0.0243576554013032,0.0267039189216284,TRUE,TRUE
Prevotella_nanceiensis,preprint_CastilhosJ_2021,0.0243576554013032,0.0340177253881949,TRUE,TRUE
Prevotella_nanceiensis,ShaiberA_2020,0.0243576554013032,0.0255278722448477,TRUE,TRUE
Prevotella_nanceiensis,VQuintanaL_2024,0.0243576554013032,0.0174466549494844,TRUE,TRUE
Prevotella_nanceiensis,ZellerG_2014,0.0243576554013032,0.0281362986859704,TRUE,TRUE
Prevotella_nanceiensis,ZhangDY_2015,0.0243576554013032,0.0338925212371853,TRUE,TRUE
Prevotella_nanceiensis,ZhuJY_2023,0.0243576554013032,0.0273944386835835,TRUE,TRUE
Prevotella_oris,ArmstrongA_2021,-0.0169706812762632,-0.0192131549961421,TRUE,TRUE
Prevotella_oris,BelstromD_2017,-0.0169706812762632,-0.0215740341047596,TRUE,TRUE
Prevotella_oris,BostanciN_2021,-0.0169706812762632,-0.0156636513303122,TRUE,TRUE
Prevotella_oris,BuschartA_2016,-0.0169706812762632,-0.015015750298752,TRUE,TRUE
Prevotella_oris,Castro-NallarE_2015,-0.0169706812762632,-0.0211178136717516,TRUE,TRUE
Prevotella_oris,ChenBY_2023,-0.0169706812762632,-0.0156611910493839,TRUE,TRUE
Prevotella_oris,ChenLW_2022,-0.0169706812762632,-0.00478695019444396,TRUE,TRUE
Prevotella_oris,CuiJ_2019,-0.0169706812762632,-0.0154151412728752,TRUE,TRUE
Prevotella_oris,JiangQ_2021,-0.0169706812762632,-0.0169609571275089,TRUE,TRUE
Prevotella_oris,LiYJ_2023,-0.0169706812762632,-0.0195159507385696,TRUE,TRUE
Prevotella_oris,preprint_CastilhosJ_2021,-0.0169706812762632,,FALSE,
Prevotella_oris,ShaiberA_2020,-0.0169706812762632,-0.01505714879876,TRUE,TRUE
Prevotella_oris,VQuintanaL_2024,-0.0169706812762632,-0.0163538025104597,TRUE,TRUE
Prevotella_oris,ZellerG_2014,-0.0169706812762632,-0.0230804544607747,TRUE,TRUE
Prevotella_oris,ZhangDY_2015,-0.0169706812762632,-0.0199497836981452,TRUE,TRUE
Prevotella_oris,ZhuJY_2023,-0.0169706812762632,-0.0172589584445172,TRUE,TRUE
Prevotella_SGB1459,ArmstrongA_2021,0.0236134172660467,0.0226834875686197,TRUE,TRUE
Prevotella_SGB1459,BelstromD_2017,0.0236134172660467,0.0132085051997651,TRUE,TRUE
Prevotella_SGB1459,BostanciN_2021,0.0236134172660467,0.0225170621209035,TRUE,TRUE
Prevotella_SGB1459,BuschartA_2016,0.0236134172660467,0.0148089267355881,TRUE,TRUE
Prevotella_SGB1459,Castro-NallarE_2015,0.0236134172660467,0.0191683922336007,TRUE,TRUE
Prevotella_SGB1459,ChenBY_2023,0.0236134172660467,0.0223907969822906,TRUE,TRUE
Prevotella_SGB1459,ChenLW_2022,0.0236134172660467,0.0221920075825664,TRUE,TRUE
Prevotella_SGB1459,CuiJ_2019,0.0236134172660467,,FALSE,
Prevotella_SGB1459,JiangQ_2021,0.0236134172660467,0.0257722106354287,TRUE,TRUE
Prevotella_SGB1459,LiYJ_2023,0.0236134172660467,0.0239692191018501,TRUE,TRUE
Prevotella_SGB1459,preprint_CastilhosJ_2021,0.0236134172660467,0.0342621735179864,TRUE,TRUE
Prevotella_SGB1459,ShaiberA_2020,0.0236134172660467,0.0307824003122189,TRUE,TRUE
Prevotella_SGB1459,VQuintanaL_2024,0.0236134172660467,0.0290778906753181,TRUE,TRUE
Prevotella_SGB1459,ZellerG_2014,0.0236134172660467,0.0480546129542263,TRUE,TRUE
Prevotella_SGB1459,ZhangDY_2015,0.0236134172660467,,FALSE,
Prevotella_SGB1459,ZhuJY_2023,0.0236134172660467,0.0142435154176081,TRUE,TRUE
Prevotella_sp_HJM029,ArmstrongA_2021,0.00893148715701821,0.00845495009979307,TRUE,TRUE
Prevotella_sp_HJM029,BelstromD_2017,0.00893148715701821,0.001706504794429,TRUE,TRUE
Prevotella_sp_HJM029,BostanciN_2021,0.00893148715701821,,FALSE,
Prevotella_sp_HJM029,BuschartA_2016,0.00893148715701821,,FALSE,
Prevotella_sp_HJM029,Castro-NallarE_2015,0.00893148715701821,0.00524887552643871,TRUE,TRUE
Prevotella_sp_HJM029,ChenBY_2023,0.00893148715701821,0.00241764606238577,TRUE,TRUE
Prevotella_sp_HJM029,ChenLW_2022,0.00893148715701821,0.00265738104542274,TRUE,TRUE
Prevotella_sp_HJM029,CuiJ_2019,0.00893148715701821,0.010480796095746,TRUE,TRUE
Prevotella_sp_HJM029,JiangQ_2021,0.00893148715701821,0.00406634525610002,TRUE,TRUE
Prevotella_sp_HJM029,LiYJ_2023,0.00893148715701821,0.00709901785768315,TRUE,TRUE
Prevotella_sp_HJM029,preprint_CastilhosJ_2021,0.00893148715701821,0.01097046788355,TRUE,TRUE
Prevotella_sp_HJM029,ShaiberA_2020,0.00893148715701821,0.00935110028296495,TRUE,TRUE
Prevotella_sp_HJM029,VQuintanaL_2024,0.00893148715701821,0.00790442558681894,TRUE,TRUE
Prevotella_sp_HJM029,ZellerG_2014,0.00893148715701821,0.0128702776307197,TRUE,TRUE
Prevotella_sp_HJM029,ZhangDY_2015,0.00893148715701821,0.0048620436474946,TRUE,TRUE
Prevotella_sp_HJM029,ZhuJY_2023,0.00893148715701821,0.0196383883313534,TRUE,TRUE
Schaalia_SGB17154,ArmstrongA_2021,0.00227845988636741,,FALSE,
Schaalia_SGB17154,BelstromD_2017,0.00227845988636741,,FALSE,
Schaalia_SGB17154,BostanciN_2021,0.00227845988636741,0.0200743511274534,TRUE,TRUE
Schaalia_SGB17154,BuschartA_2016,0.00227845988636741,,FALSE,
Schaalia_SGB17154,Castro-NallarE_2015,0.00227845988636741,0.00334325730977608,TRUE,TRUE
Schaalia_SGB17154,ChenBY_2023,0.00227845988636741,,FALSE,
Schaalia_SGB17154,ChenLW_2022,0.00227845988636741,,FALSE,
Schaalia_SGB17154,CuiJ_2019,0.00227845988636741,,FALSE,
Schaalia_SGB17154,JiangQ_2021,0.00227845988636741,,FALSE,
Schaalia_SGB17154,LiYJ_2023,0.00227845988636741,0.00522171273564353,TRUE,TRUE
Schaalia_SGB17154,preprint_CastilhosJ_2021,0.00227845988636741,0.0199344837282727,TRUE,TRUE
Schaalia_SGB17154,ShaiberA_2020,0.00227845988636741,,FALSE,
Schaalia_SGB17154,VQuintanaL_2024,0.00227845988636741,0.00119360066723356,TRUE,TRUE
Schaalia_SGB17154,ZellerG_2014,0.00227845988636741,0.0147283342591657,TRUE,TRUE
Schaalia_SGB17154,ZhangDY_2015,0.00227845988636741,,FALSE,
Schaalia_SGB17154,ZhuJY_2023,0.00227845988636741,0.0168694230430968,TRUE,TRUE
Schaalia_SGB17157,ArmstrongA_2021,-0.000492029817929775,,FALSE,
Schaalia_SGB17157,BelstromD_2017,-0.000492029817929775,,FALSE,
Schaalia_SGB17157,BostanciN_2021,-0.000492029817929775,-0.0110397209366208,TRUE,TRUE
Schaalia_SGB17157,BuschartA_2016,-0.000492029817929775,,FALSE,
Schaalia_SGB17157,Castro-NallarE_2015,-0.000492029817929775,,FALSE,
Schaalia_SGB17157,ChenBY_2023,-0.000492029817929775,-0.00166542788356102,TRUE,TRUE
Schaalia_SGB17157,ChenLW_2022,-0.000492029817929775,-0.00295793673934161,TRUE,TRUE
Schaalia_SGB17157,CuiJ_2019,-0.000492029817929775,,FALSE,
Schaalia_SGB17157,JiangQ_2021,-0.000492029817929775,,FALSE,
Schaalia_SGB17157,LiYJ_2023,-0.000492029817929775,,FALSE,
Schaalia_SGB17157,preprint_CastilhosJ_2021,-0.000492029817929775,-0.016725469179445,TRUE,TRUE
Schaalia_SGB17157,ShaiberA_2020,-0.000492029817929775,-0.0104908004765106,TRUE,TRUE
Schaalia_SGB17157,VQuintanaL_2024,-0.000492029817929775,,FALSE,
Schaalia_SGB17157,ZellerG_2014,-0.000492029817929775,-0.00112218943607674,TRUE,TRUE
Schaalia_SGB17157,ZhangDY_2015,-0.000492029817929775,,FALSE,
Schaalia_SGB17157,ZhuJY_2023,-0.000492029817929775,-0.00112157453284139,TRUE,TRUE
Selenomonas_felix,ArmstrongA_2021,-0.00700468705246296,-0.00355043070389485,TRUE,TRUE
Selenomonas_felix,BelstromD_2017,-0.00700468705246296,-0.00859216399760352,TRUE,TRUE
Selenomonas_felix,BostanciN_2021,-0.00700468705246296,-0.0221310943631151,TRUE,TRUE
Selenomonas_felix,BuschartA_2016,-0.00700468705246296,-0.00886399754831737,TRUE,TRUE
Selenomonas_felix,Castro-NallarE_2015,-0.00700468705246296,-0.00840261847539416,TRUE,TRUE
Selenomonas_felix,ChenBY_2023,-0.00700468705246296,-0.00983316397309685,TRUE,TRUE
Selenomonas_felix,ChenLW_2022,-0.00700468705246296,-0.0108885068929108,TRUE,TRUE
Selenomonas_felix,CuiJ_2019,-0.00700468705246296,,FALSE,
Selenomonas_felix,JiangQ_2021,-0.00700468705246296,-0.010410156178512,TRUE,TRUE
Selenomonas_felix,LiYJ_2023,-0.00700468705246296,-0.00819569322416509,TRUE,TRUE
Selenomonas_felix,preprint_CastilhosJ_2021,-0.00700468705246296,-0.0196169467006251,TRUE,TRUE
Selenomonas_felix,ShaiberA_2020,-0.00700468705246296,,FALSE,
Selenomonas_felix,VQuintanaL_2024,-0.00700468705246296,,FALSE,
Selenomonas_felix,ZellerG_2014,-0.00700468705246296,-0.0084931996086807,TRUE,TRUE
Selenomonas_felix,ZhangDY_2015,-0.00700468705246296,,FALSE,
Selenomonas_felix,ZhuJY_2023,-0.00700468705246296,,FALSE,
Selenomonas_noxia,ArmstrongA_2021,0.00988883166061762,,FALSE,
Selenomonas_noxia,BelstromD_2017,0.00988883166061762,0.00318581207915391,TRUE,TRUE
Selenomonas_noxia,BostanciN_2021,0.00988883166061762,0.0145560904756011,TRUE,TRUE
Selenomonas_noxia,BuschartA_2016,0.00988883166061762,,FALSE,
Selenomonas_noxia,Castro-NallarE_2015,0.00988883166061762,0.00300511770574725,TRUE,TRUE
Selenomonas_noxia,ChenBY_2023,0.00988883166061762,0.0118928551092121,TRUE,TRUE
Selenomonas_noxia,ChenLW_2022,0.00988883166061762,0.00399952467950517,TRUE,TRUE
Selenomonas_noxia,CuiJ_2019,0.00988883166061762,,FALSE,
Selenomonas_noxia,JiangQ_2021,0.00988883166061762,0.0106070138048811,TRUE,TRUE
Selenomonas_noxia,LiYJ_2023,0.00988883166061762,0.0123076966879472,TRUE,TRUE
Selenomonas_noxia,preprint_CastilhosJ_2021,0.00988883166061762,0.0202116332266119,TRUE,TRUE
Selenomonas_noxia,ShaiberA_2020,0.00988883166061762,0.0151076816121435,TRUE,TRUE
Selenomonas_noxia,VQuintanaL_2024,0.00988883166061762,0.00595735718021043,TRUE,TRUE
Selenomonas_noxia,ZellerG_2014,0.00988883166061762,0.0136376420102369,TRUE,TRUE
Selenomonas_noxia,ZhangDY_2015,0.00988883166061762,0.00707093269796648,TRUE,TRUE
Selenomonas_noxia,ZhuJY_2023,0.00988883166061762,0.0144811546572304,TRUE,TRUE
Selenomonas_SGB5897,ArmstrongA_2021,-0.00560116736359052,,FALSE,
Selenomonas_SGB5897,BelstromD_2017,-0.00560116736359052,-0.00861004024310397,TRUE,TRUE
Selenomonas_SGB5897,BostanciN_2021,-0.00560116736359052,-0.00431599628529649,TRUE,TRUE
Selenomonas_SGB5897,BuschartA_2016,-0.00560116736359052,-0.0154488960564613,TRUE,TRUE
Selenomonas_SGB5897,Castro-NallarE_2015,-0.00560116736359052,-0.00238902133872199,TRUE,TRUE
Selenomonas_SGB5897,ChenBY_2023,-0.00560116736359052,-0.0020416416023455,TRUE,TRUE
Selenomonas_SGB5897,ChenLW_2022,-0.00560116736359052,-0.0029153306548374,TRUE,TRUE
Selenomonas_SGB5897,CuiJ_2019,-0.00560116736359052,,FALSE,
Selenomonas_SGB5897,JiangQ_2021,-0.00560116736359052,-0.00950729746966911,TRUE,TRUE
Selenomonas_SGB5897,LiYJ_2023,-0.00560116736359052,-0.00293317664105491,TRUE,TRUE
Selenomonas_SGB5897,preprint_CastilhosJ_2021,-0.00560116736359052,-0.00773284455418798,TRUE,TRUE
Selenomonas_SGB5897,ShaiberA_2020,-0.00560116736359052,-0.00532536130689586,TRUE,TRUE
Selenomonas_SGB5897,VQuintanaL_2024,-0.00560116736359052,-0.00964629775312966,TRUE,TRUE
Selenomonas_SGB5897,ZellerG_2014,-0.00560116736359052,-0.00145682511115537,TRUE,TRUE
Selenomonas_SGB5897,ZhangDY_2015,-0.00560116736359052,-0.00469602792643845,TRUE,TRUE
Selenomonas_SGB5897,ZhuJY_2023,-0.00560116736359052,-0.0169393956885352,TRUE,TRUE
Streptococcus_australis,ArmstrongA_2021,0.0284904978257351,0.0268695710133711,TRUE,TRUE
Streptococcus_australis,BelstromD_2017,0.0284904978257351,0.0267510463125777,TRUE,TRUE
Streptococcus_australis,BostanciN_2021,0.0284904978257351,0.0112428709722037,TRUE,TRUE
Streptococcus_australis,BuschartA_2016,0.0284904978257351,0.0306907358807826,TRUE,TRUE
Streptococcus_australis,Castro-NallarE_2015,0.0284904978257351,0.0269428478581635,TRUE,TRUE
Streptococcus_australis,ChenBY_2023,0.0284904978257351,0.0239652300374951,TRUE,TRUE
Streptococcus_australis,ChenLW_2022,0.0284904978257351,0.0379308453838784,TRUE,TRUE
Streptococcus_australis,CuiJ_2019,0.0284904978257351,0.0340393342981982,TRUE,TRUE
Streptococcus_australis,JiangQ_2021,0.0284904978257351,0.0257773102942044,TRUE,TRUE
Streptococcus_australis,LiYJ_2023,0.0284904978257351,0.0297470138570945,TRUE,TRUE
Streptococcus_australis,preprint_CastilhosJ_2021,0.0284904978257351,0.00627625575663787,TRUE,TRUE
Streptococcus_australis,ShaiberA_2020,0.0284904978257351,0.0241975603687202,TRUE,TRUE
Streptococcus_australis,VQuintanaL_2024,0.0284904978257351,0.0272964574549338,TRUE,TRUE
Streptococcus_australis,ZellerG_2014,0.0284904978257351,0.0342171521492208,TRUE,TRUE
Streptococcus_australis,ZhangDY_2015,0.0284904978257351,0.0187079651817951,TRUE,TRUE
Streptococcus_australis,ZhuJY_2023,0.0284904978257351,0.0376156654060673,TRUE,TRUE
Streptococcus_gordonii,ArmstrongA_2021,0.00992078115526247,0.0053167172224537,TRUE,TRUE
Streptococcus_gordonii,BelstromD_2017,0.00992078115526247,,FALSE,
Streptococcus_gordonii,BostanciN_2021,0.00992078115526247,0.0320858467138937,TRUE,TRUE
Streptococcus_gordonii,BuschartA_2016,0.00992078115526247,0.00444235737696223,TRUE,TRUE
Streptococcus_gordonii,Castro-NallarE_2015,0.00992078115526247,0.00867561944044373,TRUE,TRUE
Streptococcus_gordonii,ChenBY_2023,0.00992078115526247,0.00882873514972957,TRUE,TRUE
Streptococcus_gordonii,ChenLW_2022,0.00992078115526247,0.00232360185651821,TRUE,TRUE
Streptococcus_gordonii,CuiJ_2019,0.00992078115526247,0.0205462740585506,TRUE,TRUE
Streptococcus_gordonii,JiangQ_2021,0.00992078115526247,0.00498902935453485,TRUE,TRUE
Streptococcus_gordonii,LiYJ_2023,0.00992078115526247,0.00598032577894506,TRUE,TRUE
Streptococcus_gordonii,preprint_CastilhosJ_2021,0.00992078115526247,0.00569412097677294,TRUE,TRUE
Streptococcus_gordonii,ShaiberA_2020,0.00992078115526247,,FALSE,
Streptococcus_gordonii,VQuintanaL_2024,0.00992078115526247,0.00764249720163915,TRUE,TRUE
Streptococcus_gordonii,ZellerG_2014,0.00992078115526247,0.0167126191581274,TRUE,TRUE
Streptococcus_gordonii,ZhangDY_2015,0.00992078115526247,0.0037840161329937,TRUE,TRUE
Streptococcus_gordonii,ZhuJY_2023,0.00992078115526247,0.00923766971649357,TRUE,TRUE
Streptococcus_infantis,ArmstrongA_2021,-3.0342430908133e-05,,FALSE,
Streptococcus_infantis,BelstromD_2017,-3.0342430908133e-05,,FALSE,
Streptococcus_infantis,BostanciN_2021,-3.0342430908133e-05,-0.00530377990204904,TRUE,TRUE
Streptococcus_infantis,BuschartA_2016,-3.0342430908133e-05,,FALSE,
Streptococcus_infantis,Castro-NallarE_2015,-3.0342430908133e-05,,FALSE,
Streptococcus_infantis,ChenBY_2023,-3.0342430908133e-05,,FALSE,
Streptococcus_infantis,ChenLW_2022,-3.0342430908133e-05,,FALSE,
Streptococcus_infantis,CuiJ_2019,-3.0342430908133e-05,,FALSE,
Streptococcus_infantis,JiangQ_2021,-3.0342430908133e-05,,FALSE,
Streptococcus_infantis,LiYJ_2023,-3.0342430908133e-05,,FALSE,
Streptococcus_infantis,preprint_CastilhosJ_2021,-3.0342430908133e-05,,FALSE,
Streptococcus_infantis,ShaiberA_2020,-3.0342430908133e-05,-0.00625925830345515,TRUE,TRUE
Streptococcus_infantis,VQuintanaL_2024,-3.0342430908133e-05,,FALSE,
Streptococcus_infantis,ZellerG_2014,-3.0342430908133e-05,-0.0105662375256079,TRUE,TRUE
Streptococcus_infantis,ZhangDY_2015,-3.0342430908133e-05,-0.00097826087920068,TRUE,TRUE
Streptococcus_infantis,ZhuJY_2023,-3.0342430908133e-05,-0.00937036103134781,TRUE,TRUE
Streptococcus_sanguinis,ArmstrongA_2021,0.0384198734015173,0.0368727757284756,TRUE,TRUE
Streptococcus_sanguinis,BelstromD_2017,0.0384198734015173,0.0357365394797627,TRUE,TRUE
Streptococcus_sanguinis,BostanciN_2021,0.0384198734015173,0.0404375822979947,TRUE,TRUE
Streptococcus_sanguinis,BuschartA_2016,0.0384198734015173,0.0394172219562733,TRUE,TRUE
Streptococcus_sanguinis,Castro-NallarE_2015,0.0384198734015173,0.036076751183848,TRUE,TRUE
Streptococcus_sanguinis,ChenBY_2023,0.0384198734015173,0.0393728802798182,TRUE,TRUE
Streptococcus_sanguinis,ChenLW_2022,0.0384198734015173,0.0399231946193806,TRUE,TRUE
Streptococcus_sanguinis,CuiJ_2019,0.0384198734015173,0.0298206083145303,TRUE,TRUE
Streptococcus_sanguinis,JiangQ_2021,0.0384198734015173,0.0426599373951689,TRUE,TRUE
Streptococcus_sanguinis,LiYJ_2023,0.0384198734015173,0.0369840732354815,TRUE,TRUE
Streptococcus_sanguinis,preprint_CastilhosJ_2021,0.0384198734015173,0.00543536510458744,TRUE,TRUE
Streptococcus_sanguinis,ShaiberA_2020,0.0384198734015173,0.0414173125528702,TRUE,TRUE
Streptococcus_sanguinis,VQuintanaL_2024,0.0384198734015173,0.0381489713874678,TRUE,TRUE
Streptococcus_sanguinis,ZellerG_2014,0.0384198734015173,0.0448288561936855,TRUE,TRUE
Streptococcus_sanguinis,ZhangDY_2015,0.0384198734015173,0.0307438530143816,TRUE,TRUE
Streptococcus_sanguinis,ZhuJY_2023,0.0384198734015173,0.0393456089822835,TRUE,TRUE
Tannerella_forsythia,ArmstrongA_2021,-0.0433376795530395,-0.0443100860204572,TRUE,TRUE
Tannerella_forsythia,BelstromD_2017,-0.0433376795530395,-0.0359547799514259,TRUE,TRUE
Tannerella_forsythia,BostanciN_2021,-0.0433376795530395,-0.0338213706800428,TRUE,TRUE
Tannerella_forsythia,BuschartA_2016,-0.0433376795530395,-0.0446803589716631,TRUE,TRUE
Tannerella_forsythia,Castro-NallarE_2015,-0.0433376795530395,-0.0460560071751983,TRUE,TRUE
Tannerella_forsythia,ChenBY_2023,-0.0433376795530395,-0.0431255632323189,TRUE,TRUE
Tannerella_forsythia,ChenLW_2022,-0.0433376795530395,-0.0330919903044285,TRUE,TRUE
Tannerella_forsythia,CuiJ_2019,-0.0433376795530395,-0.0448343493804519,TRUE,TRUE
Tannerella_forsythia,JiangQ_2021,-0.0433376795530395,-0.0377038634003642,TRUE,TRUE
Tannerella_forsythia,LiYJ_2023,-0.0433376795530395,-0.044184294674178,TRUE,TRUE
Tannerella_forsythia,preprint_CastilhosJ_2021,-0.0433376795530395,-0.0263994764707957,TRUE,TRUE
Tannerella_forsythia,ShaiberA_2020,-0.0433376795530395,-0.0378716902028034,TRUE,TRUE
Tannerella_forsythia,VQuintanaL_2024,-0.0433376795530395,-0.0473434276046078,TRUE,TRUE
Tannerella_forsythia,ZellerG_2014,-0.0433376795530395,-0.0399239600040844,TRUE,TRUE
Tannerella_forsythia,ZhangDY_2015,-0.0433376795530395,-0.0531884862278469,TRUE,TRUE
Tannerella_forsythia,ZhuJY_2023,-0.0433376795530395,-0.0401221046973205,TRUE,TRUE
Tannerella_serpentiformis,ArmstrongA_2021,-0.032919669688743,-0.0248967595516109,TRUE,TRUE
Tannerella_serpentiformis,BelstromD_2017,-0.032919669688743,-0.0288272997542283,TRUE,TRUE
Tannerella_serpentiformis,BostanciN_2021,-0.032919669688743,-0.0311860848478924,TRUE,TRUE
Tannerella_serpentiformis,BuschartA_2016,-0.032919669688743,-0.0305207254892638,TRUE,TRUE
Tannerella_serpentiformis,Castro-NallarE_2015,-0.032919669688743,-0.0356636548399398,TRUE,TRUE
Tannerella_serpentiformis,ChenBY_2023,-0.032919669688743,-0.0246806641134053,TRUE,TRUE
Tannerella_serpentiformis,ChenLW_2022,-0.032919669688743,-0.0226062091321809,TRUE,TRUE
Tannerella_serpentiformis,CuiJ_2019,-0.032919669688743,-0.0275020365845553,TRUE,TRUE
Tannerella_serpentiformis,JiangQ_2021,-0.032919669688743,-0.0335724399812605,TRUE,TRUE
Tannerella_serpentiformis,LiYJ_2023,-0.032919669688743,-0.0328595096199083,TRUE,TRUE
Tannerella_serpentiformis,preprint_CastilhosJ_2021,-0.032919669688743,-0.0317439491094898,TRUE,TRUE
Tannerella_serpentiformis,ShaiberA_2020,-0.032919669688743,-0.0337468516569364,TRUE,TRUE
Tannerella_serpentiformis,VQuintanaL_2024,-0.032919669688743,-0.0353390350455498,TRUE,TRUE
Tannerella_serpentiformis,ZellerG_2014,-0.032919669688743,-0.0329050896837063,TRUE,TRUE
Tannerella_serpentiformis,ZhangDY_2015,-0.032919669688743,-0.0349955714008827,TRUE,TRUE
Tannerella_serpentiformis,ZhuJY_2023,-0.032919669688743,-0.0455903977086073,TRUE,TRUE
TM7_phylum_sp_oral_taxon_348,ArmstrongA_2021,0.00107285829836495,0.00440351763944452,TRUE,TRUE
TM7_phylum_sp_oral_taxon_348,BelstromD_2017,0.00107285829836495,,FALSE,
TM7_phylum_sp_oral_taxon_348,BostanciN_2021,0.00107285829836495,,FALSE,
TM7_phylum_sp_oral_taxon_348,BuschartA_2016,0.00107285829836495,,FALSE,
TM7_phylum_sp_oral_taxon_348,Castro-NallarE_2015,0.00107285829836495,,FALSE,
TM7_phylum_sp_oral_taxon_348,ChenBY_2023,0.00107285829836495,0.00491566580810226,TRUE,TRUE
TM7_phylum_sp_oral_taxon_348,ChenLW_2022,0.00107285829836495,,FALSE,
TM7_phylum_sp_oral_taxon_348,CuiJ_2019,0.00107285829836495,,FALSE,
TM7_phylum_sp_oral_taxon_348,JiangQ_2021,0.00107285829836495,0.00480258278480093,TRUE,TRUE
TM7_phylum_sp_oral_taxon_348,LiYJ_2023,0.00107285829836495,0.00427755181986847,TRUE,TRUE
TM7_phylum_sp_oral_taxon_348,preprint_CastilhosJ_2021,0.00107285829836495,0.00636032914007798,TRUE,TRUE
TM7_phylum_sp_oral_taxon_348,ShaiberA_2020,0.00107285829836495,0.0012706302803306,TRUE,TRUE
TM7_phylum_sp_oral_taxon_348,VQuintanaL_2024,0.00107285829836495,0.000833538424980547,TRUE,TRUE
TM7_phylum_sp_oral_taxon_348,ZellerG_2014,0.00107285829836495,,FALSE,
TM7_phylum_sp_oral_taxon_348,ZhangDY_2015,0.00107285829836495,0.00129860678013157,TRUE,TRUE
TM7_phylum_sp_oral_taxon_348,ZhuJY_2023,0.00107285829836495,0.00789432826846794,TRUE,TRUE
TM7_phylum_sp_oral_taxon_352,ArmstrongA_2021,0.0111358638377162,0.00578427633465298,TRUE,TRUE
TM7_phylum_sp_oral_taxon_352,BelstromD_2017,0.0111358638377162,0.00628232593736973,TRUE,TRUE
TM7_phylum_sp_oral_taxon_352,BostanciN_2021,0.0111358638377162,0.00120536378803288,TRUE,TRUE
TM7_phylum_sp_oral_taxon_352,BuschartA_2016,0.0111358638377162,0.000635538892420569,TRUE,TRUE
TM7_phylum_sp_oral_taxon_352,Castro-NallarE_2015,0.0111358638377162,0.00392858915935037,TRUE,TRUE
TM7_phylum_sp_oral_taxon_352,ChenBY_2023,0.0111358638377162,0.0131303465324605,TRUE,TRUE
TM7_phylum_sp_oral_taxon_352,ChenLW_2022,0.0111358638377162,0.0168222940850834,TRUE,TRUE
TM7_phylum_sp_oral_taxon_352,CuiJ_2019,0.0111358638377162,0.0149621449515357,TRUE,TRUE
TM7_phylum_sp_oral_taxon_352,JiangQ_2021,0.0111358638377162,0.0111421907215494,TRUE,TRUE
TM7_phylum_sp_oral_taxon_352,LiYJ_2023,0.0111358638377162,0.00943017247006594,TRUE,TRUE
TM7_phylum_sp_oral_taxon_352,preprint_CastilhosJ_2021,0.0111358638377162,,FALSE,
TM7_phylum_sp_oral_taxon_352,ShaiberA_2020,0.0111358638377162,0.00782730992668408,TRUE,TRUE
TM7_phylum_sp_oral_taxon_352,VQuintanaL_2024,0.0111358638377162,,FALSE,
TM7_phylum_sp_oral_taxon_352,ZellerG_2014,0.0111358638377162,0.0170143779029786,TRUE,TRUE
TM7_phylum_sp_oral_taxon_352,ZhangDY_2015,0.0111358638377162,0.00394494962528396,TRUE,TRUE
TM7_phylum_sp_oral_taxon_352,ZhuJY_2023,0.0111358638377162,0.0117983533421861,TRUE,TRUE
Treponema_denticola,ArmstrongA_2021,-0.0210214603327229,-0.0129086408433715,TRUE,TRUE
Treponema_denticola,BelstromD_2017,-0.0210214603327229,-0.0157634088605011,TRUE,TRUE
Treponema_denticola,BostanciN_2021,-0.0210214603327229,-0.023735318288677,TRUE,TRUE
Treponema_denticola,BuschartA_2016,-0.0210214603327229,-0.00901711801436556,TRUE,TRUE
Treponema_denticola,Castro-NallarE_2015,-0.0210214603327229,-0.0197602508244537,TRUE,TRUE
Treponema_denticola,ChenBY_2023,-0.0210214603327229,,FALSE,
Treponema_denticola,ChenLW_2022,-0.0210214603327229,-0.0199522288447626,TRUE,TRUE
Treponema_denticola,CuiJ_2019,-0.0210214603327229,,FALSE,
Treponema_denticola,JiangQ_2021,-0.0210214603327229,-0.0156941873490616,TRUE,TRUE
Treponema_denticola,LiYJ_2023,-0.0210214603327229,-0.0196649288336995,TRUE,TRUE
Treponema_denticola,preprint_CastilhosJ_2021,-0.0210214603327229,-0.0103135644634873,TRUE,TRUE
Treponema_denticola,ShaiberA_2020,-0.0210214603327229,-0.0220103907519413,TRUE,TRUE
Treponema_denticola,VQuintanaL_2024,-0.0210214603327229,-0.0143798532081781,TRUE,TRUE
Treponema_denticola,ZellerG_2014,-0.0210214603327229,-0.0146288360241103,TRUE,TRUE
Treponema_denticola,ZhangDY_2015,-0.0210214603327229,,FALSE,
Treponema_denticola,ZhuJY_2023,-0.0210214603327229,,FALSE,
Veillonella_rogosae,ArmstrongA_2021,0.0212150335661782,0.0140476842669636,TRUE,TRUE
Veillonella_rogosae,BelstromD_2017,0.0212150335661782,0.0188388746488046,TRUE,TRUE
Veillonella_rogosae,BostanciN_2021,0.0212150335661782,0.0550039018965021,TRUE,TRUE
Veillonella_rogosae,BuschartA_2016,0.0212150335661782,0.017386404371115,TRUE,TRUE
Veillonella_rogosae,Castro-NallarE_2015,0.0212150335661782,0.0227340774646596,TRUE,TRUE
Veillonella_rogosae,ChenBY_2023,0.0212150335661782,0.0195148316335856,TRUE,TRUE
Veillonella_rogosae,ChenLW_2022,0.0212150335661782,0.0167473475601882,TRUE,TRUE
Veillonella_rogosae,CuiJ_2019,0.0212150335661782,0.0144938634489685,TRUE,TRUE
Veillonella_rogosae,JiangQ_2021,0.0212150335661782,0.019317580090645,TRUE,TRUE
Veillonella_rogosae,LiYJ_2023,0.0212150335661782,0.019628027246958,TRUE,TRUE
Veillonella_rogosae,preprint_CastilhosJ_2021,0.0212150335661782,0.027506940704544,TRUE,TRUE
Veillonella_rogosae,ShaiberA_2020,0.0212150335661782,0.0237333773508647,TRUE,TRUE
Veillonella_rogosae,VQuintanaL_2024,0.0212150335661782,0.0169894307403145,TRUE,TRUE
Veillonella_rogosae,ZellerG_2014,0.0212150335661782,0.0178431886778717,TRUE,TRUE
Veillonella_rogosae,ZhangDY_2015,0.0212150335661782,0.019444748092933,TRUE,TRUE
Veillonella_rogosae,ZhuJY_2023,0.0212150335661782,0.0284396249421276,TRUE,TRUE
Veillonella_tobetsuensis,ArmstrongA_2021,0.00720258633379334,0.00349964546463958,TRUE,TRUE
Veillonella_tobetsuensis,BelstromD_2017,0.00720258633379334,0.00148479707031767,TRUE,TRUE
Veillonella_tobetsuensis,BostanciN_2021,0.00720258633379334,0.00203720221334133,TRUE,TRUE
Veillonella_tobetsuensis,BuschartA_2016,0.00720258633379334,0.00626874665705438,TRUE,TRUE
Veillonella_tobetsuensis,Castro-NallarE_2015,0.00720258633379334,0.00689973548962699,TRUE,TRUE
Veillonella_tobetsuensis,ChenBY_2023,0.00720258633379334,0.00596441935176844,TRUE,TRUE
Veillonella_tobetsuensis,ChenLW_2022,0.00720258633379334,,FALSE,
Veillonella_tobetsuensis,CuiJ_2019,0.00720258633379334,0.00584464698207486,TRUE,TRUE
Veillonella_tobetsuensis,JiangQ_2021,0.00720258633379334,0.00861878427196418,TRUE,TRUE
Veillonella_tobetsuensis,LiYJ_2023,0.00720258633379334,0.00584015359670106,TRUE,TRUE
Veillonella_tobetsuensis,preprint_CastilhosJ_2021,0.00720258633379334,0.006354312358561,TRUE,TRUE
Veillonella_tobetsuensis,ShaiberA_2020,0.00720258633379334,0.0159514617454835,TRUE,TRUE
Veillonella_tobetsuensis,VQuintanaL_2024,0.00720258633379334,0.0063141421995298,TRUE,TRUE
Veillonella_tobetsuensis,ZellerG_2014,0.00720258633379334,0.0143307124047493,TRUE,TRUE
Veillonella_tobetsuensis,ZhangDY_2015,0.00720258633379334,0.00960979388524657,TRUE,TRUE
Veillonella_tobetsuensis,ZhuJY_2023,0.00720258633379334,0.0110002045723833,TRUE,TRUE
