model_type,omitted_training_study,external_study,sample_id,y_true,prob_healthy,OMHI,cohort_type,n_total,n_healthy,n_disease
Final fixed model,,BritoIL_2016,M1.1,1,0.415914054471683,-0.339569499911875,Healthy-only,115,115,0
Final fixed model,,BritoIL_2016,M1.10,1,0.401632276512474,-0.398668552233361,Healthy-only,115,115,0
Final fixed model,,BritoIL_2016,M1.15,1,0.216674936219208,-1.28514952087999,Healthy-only,115,115,0
Final fixed model,,BritoIL_2016,M1.16,1,0.437578394363562,-0.250995879746256,Healthy-only,115,115,0
Final fixed model,,BritoIL_2016,M1.20,1,0.404779647888348,-0.385588836916598,Healthy-only,115,115,0
Final fixed model,,BritoIL_2016,M1.23,1,0.403988509951936,-0.388873508639978,Healthy-only,115,115,0
Final fixed model,,BritoIL_2016,M1.24,1,0.319187791257566,-0.757506893129567,Healthy-only,115,115,0
Final fixed model,,BritoIL_2016,M1.25,1,0.308009052195928,-0.80944370153591,Healthy-only,115,115,0
Final fixed model,,BritoIL_2016,M1.26,1,0.373638956455451,-0.516636977635505,Healthy-only,115,115,0
Final fixed model,,BritoIL_2016,M1.29,1,0.315181442332901,-0.776005443454323,Healthy-only,115,115,0
Final fixed model,,BritoIL_2016,M1.3,1,0.416844762880825,-0.335739542618193,Healthy-only,115,115,0
Final fixed model,,BritoIL_2016,M1.35,1,0.402138950107547,-0.3965606929814,Healthy-only,115,115,0
Final fixed model,,BritoIL_2016,M1.37,1,0.600785021843471,0.408737105619794,Healthy-only,115,115,0
Final fixed model,,BritoIL_2016,M1.38,1,0.742991041697445,1.06157304621417,Healthy-only,115,115,0
Final fixed model,,BritoIL_2016,M1.4,1,0.478034442875447,-0.0879188170653669,Healthy-only,115,115,0
Final fixed model,,BritoIL_2016,M1.42,1,0.61878540139163,0.484396059115497,Healthy-only,115,115,0
Final fixed model,,BritoIL_2016,M1.44,1,0.248420615050356,-1.10705350098111,Healthy-only,115,115,0
Final fixed model,,BritoIL_2016,M1.48,1,0.464507170368739,-0.142210504872598,Healthy-only,115,115,0
Final fixed model,,BritoIL_2016,M1.5,1,0.372182642122313,-0.52286458553139,Healthy-only,115,115,0
Final fixed model,,BritoIL_2016,M1.57,1,0.567855083875706,0.273105266163864,Healthy-only,115,115,0
Final fixed model,,BritoIL_2016,M1.59,1,0.232182356745978,-1.19602917790299,Healthy-only,115,115,0
Final fixed model,,BritoIL_2016,M1.6,1,0.553453061342998,0.214632424634878,Healthy-only,115,115,0
Final fixed model,,BritoIL_2016,M1.61,1,0.258499495449307,-1.05378209991736,Healthy-only,115,115,0
Final fixed model,,BritoIL_2016,M1.62,1,0.494705843502764,-0.0211774174294424,Healthy-only,115,115,0
Final fixed model,,BritoIL_2016,M1.64,1,0.38611303495006,-0.46368065193479,Healthy-only,115,115,0
Final fixed model,,BritoIL_2016,M1.65,1,0.269086656418017,-0.999261437148383,Healthy-only,115,115,0
Final fixed model,,BritoIL_2016,M1.7,1,0.487686858057203,-0.0492625278655553,Healthy-only,115,115,0
Final fixed model,,BritoIL_2016,M2.31,1,0.303998389659884,-0.828329569818047,Healthy-only,115,115,0
Final fixed model,,BritoIL_2016,M2.32,1,0.339417228885461,-0.665892317668727,Healthy-only,115,115,0
Final fixed model,,BritoIL_2016,M2.36,1,0.792400617848082,1.33945691940104,Healthy-only,115,115,0
Final fixed model,,BritoIL_2016,M2.37,1,0.445620529319798,-0.218381658656163,Healthy-only,115,115,0
Final fixed model,,BritoIL_2016,M2.38,1,0.545953260483191,0.184333225350213,Healthy-only,115,115,0
Final fixed model,,BritoIL_2016,M2.39,1,0.146917209218579,-1.75898737561634,Healthy-only,115,115,0
Final fixed model,,BritoIL_2016,M2.40,1,0.195603728774141,-1.41400120173368,Healthy-only,115,115,0
Final fixed model,,BritoIL_2016,M2.41,1,0.066421065502052,-2.64301125927811,Healthy-only,115,115,0
Final fixed model,,BritoIL_2016,M2.44,1,0.202615994646846,-1.37002384062475,Healthy-only,115,115,0
Final fixed model,,BritoIL_2016,M2.45,1,0.325859446528343,-0.726972482701598,Healthy-only,115,115,0
Final fixed model,,BritoIL_2016,M2.46,1,0.507714812597531,0.0308616996615352,Healthy-only,115,115,0
Final fixed model,,BritoIL_2016,M2.48,1,0.40653499606102,-0.378308230295976,Healthy-only,115,115,0
Final fixed model,,BritoIL_2016,M2.49,1,0.683250633972797,0.768750934979374,Healthy-only,115,115,0
Final fixed model,,BritoIL_2016,M2.50,1,0.527245238456646,0.109089008916412,Healthy-only,115,115,0
Final fixed model,,BritoIL_2016,M2.51,1,0.413570963185627,-0.349222550758264,Healthy-only,115,115,0
Final fixed model,,BritoIL_2016,M2.52,1,0.148852708959227,-1.74362790699868,Healthy-only,115,115,0
Final fixed model,,BritoIL_2016,M2.56,1,0.398708994587292,-0.410847205444673,Healthy-only,115,115,0
Final fixed model,,BritoIL_2016,M2.60,1,0.548486201522107,0.194556188845024,Healthy-only,115,115,0
Final fixed model,,BritoIL_2016,W1.1,1,0.366609503852565,-0.546789870107402,Healthy-only,115,115,0
Final fixed model,,BritoIL_2016,W1.11,1,0.756756909637834,1.13498076337168,Healthy-only,115,115,0
Final fixed model,,BritoIL_2016,W1.15,1,0.686004971659493,0.781507722544251,Healthy-only,115,115,0
Final fixed model,,BritoIL_2016,W1.18,1,0.530402952057802,0.121762022405985,Healthy-only,115,115,0
Final fixed model,,BritoIL_2016,W1.20,1,0.428158482598572,-0.289368472021538,Healthy-only,115,115,0
Final fixed model,,BritoIL_2016,W1.22,1,0.396184495325914,-0.421388695390372,Healthy-only,115,115,0
Final fixed model,,BritoIL_2016,W1.26,1,0.589051134311168,0.360044202978497,Healthy-only,115,115,0
Final fixed model,,BritoIL_2016,W1.3,1,0.363762091534599,-0.559072504042115,Healthy-only,115,115,0
Final fixed model,,BritoIL_2016,W1.31,1,0.492459945278236,-0.0301625054411728,Healthy-only,115,115,0
Final fixed model,,BritoIL_2016,W1.36,1,0.384886251730751,-0.468859366655708,Healthy-only,115,115,0
Final fixed model,,BritoIL_2016,W1.37,1,0.16822715743091,-1.59824418411769,Healthy-only,115,115,0
Final fixed model,,BritoIL_2016,W1.38,1,0.607775003843648,0.437969109090161,Healthy-only,115,115,0
Final fixed model,,BritoIL_2016,W1.39,1,0.251782633670902,-1.08912738196575,Healthy-only,115,115,0
Final fixed model,,BritoIL_2016,W1.40,1,0.389356180853149,-0.450019285108809,Healthy-only,115,115,0
Final fixed model,,BritoIL_2016,W1.42,1,0.54501730617543,0.180558165932227,Healthy-only,115,115,0
Final fixed model,,BritoIL_2016,W1.44,1,0.63616688772757,0.55876565127276,Healthy-only,115,115,0
Final fixed model,,BritoIL_2016,W1.5,1,0.334596596716702,-0.687467860912405,Healthy-only,115,115,0
Final fixed model,,BritoIL_2016,W1.53,1,0.604673679460264,0.424977387930108,Healthy-only,115,115,0
Final fixed model,,BritoIL_2016,W1.6,1,0.614022287767708,0.464251599317336,Healthy-only,115,115,0
Final fixed model,,BritoIL_2016,W1.8,1,0.293382734631399,-0.879011150916732,Healthy-only,115,115,0
Final fixed model,,BritoIL_2016,W1.9,1,0.515059472849897,0.0602561162725094,Healthy-only,115,115,0
Final fixed model,,BritoIL_2016,W2.19,1,0.514990754180351,0.0599809931532731,Healthy-only,115,115,0
Final fixed model,,BritoIL_2016,W2.21,1,0.257973757029894,-1.05652674761649,Healthy-only,115,115,0
Final fixed model,,BritoIL_2016,W2.23,1,0.372475081660168,-0.521613240009201,Healthy-only,115,115,0
Final fixed model,,BritoIL_2016,W2.25,1,0.36732807352835,-0.543696622119818,Healthy-only,115,115,0
Final fixed model,,BritoIL_2016,W2.26,1,0.557425557837624,0.230720284701984,Healthy-only,115,115,0
Final fixed model,,BritoIL_2016,W2.33,1,0.59784755760112,0.396504574368874,Healthy-only,115,115,0
Final fixed model,,BritoIL_2016,W2.34,1,0.566541344379071,0.267753641690475,Healthy-only,115,115,0
Final fixed model,,BritoIL_2016,W2.35,1,0.138638888127122,-1.82664120082186,Healthy-only,115,115,0
Final fixed model,,BritoIL_2016,W2.39,1,0.216410763066516,-1.28670666792527,Healthy-only,115,115,0
Final fixed model,,BritoIL_2016,W2.4,1,0.291138635355355,-0.88986040706496,Healthy-only,115,115,0
Final fixed model,,BritoIL_2016,W2.40,1,0.536410788801608,0.145901425151186,Healthy-only,115,115,0
Final fixed model,,BritoIL_2016,W2.41,1,0.623784809284169,0.505644156562912,Healthy-only,115,115,0
Final fixed model,,BritoIL_2016,W2.42,1,0.422695970604006,-0.311715866761025,Healthy-only,115,115,0
Final fixed model,,BritoIL_2016,W2.43,1,0.581881523848554,0.330502031604847,Healthy-only,115,115,0
Final fixed model,,BritoIL_2016,W2.44,1,0.241560349356196,-1.14414389585236,Healthy-only,115,115,0
Final fixed model,,BritoIL_2016,W2.45,1,0.291091355660023,-0.890089511925879,Healthy-only,115,115,0
Final fixed model,,BritoIL_2016,W2.46,1,0.482081743914611,-0.0717037301665781,Healthy-only,115,115,0
Final fixed model,,BritoIL_2016,W2.47,1,0.133758787573661,-1.8681253209643,Healthy-only,115,115,0
Final fixed model,,BritoIL_2016,W2.48,1,0.501092062512238,0.00436825699507334,Healthy-only,115,115,0
Final fixed model,,BritoIL_2016,W2.49,1,0.425930878149656,-0.29847273517208,Healthy-only,115,115,0
Final fixed model,,BritoIL_2016,W2.53,1,0.66169912276156,0.670875286421,Healthy-only,115,115,0
Final fixed model,,BritoIL_2016,W2.56,1,0.586354238719334,0.34891415140456,Healthy-only,115,115,0
Final fixed model,,BritoIL_2016,W2.59,1,0.496746161699962,-0.0130155369375947,Healthy-only,115,115,0
Final fixed model,,BritoIL_2016,W2.61,1,0.388086900102439,-0.45536099491677,Healthy-only,115,115,0
Final fixed model,,BritoIL_2016,W2.65,1,0.204686528226699,-1.3572566628307,Healthy-only,115,115,0
Final fixed model,,BritoIL_2016,W2.67,1,0.386144507355733,-0.463547875654222,Healthy-only,115,115,0
Final fixed model,,BritoIL_2016,W2.68,1,0.368122257801725,-0.540280824262358,Healthy-only,115,115,0
Final fixed model,,BritoIL_2016,W2.69,1,0.420839878686829,-0.31932656170151,Healthy-only,115,115,0
Final fixed model,,BritoIL_2016,W2.8,1,0.171864392758821,-1.57247116617799,Healthy-only,115,115,0
Final fixed model,,BritoIL_2016,W3.1,1,0.165761868128872,-1.61596666233427,Healthy-only,115,115,0
Final fixed model,,BritoIL_2016,W3.16,1,0.241940413063182,-1.1420705244611,Healthy-only,115,115,0
Final fixed model,,BritoIL_2016,W3.19,1,0.489795353919728,-0.0408242532515298,Healthy-only,115,115,0
Final fixed model,,BritoIL_2016,W3.20,1,0.633498892203727,0.547256707109209,Healthy-only,115,115,0
Final fixed model,,BritoIL_2016,W3.23,1,0.372279812872905,-0.522448748610571,Healthy-only,115,115,0
Final fixed model,,BritoIL_2016,WL.1,1,0.623090824804262,0.502688050541084,Healthy-only,115,115,0
Final fixed model,,BritoIL_2016,WL.10,1,0.613687527028016,0.462839327516129,Healthy-only,115,115,0
Final fixed model,,BritoIL_2016,WL.11,1,0.497896772391407,-0.00841296005499079,Healthy-only,115,115,0
Final fixed model,,BritoIL_2016,WL.12,1,0.530922626227233,0.123848566404446,Healthy-only,115,115,0
Final fixed model,,BritoIL_2016,WL.15,1,0.505167135493605,0.0206692778020771,Healthy-only,115,115,0
Final fixed model,,BritoIL_2016,WL.17,1,0.53125136900902,0.125168640465683,Healthy-only,115,115,0
Final fixed model,,BritoIL_2016,WL.2,1,0.327633938555152,-0.718905982345952,Healthy-only,115,115,0
Final fixed model,,BritoIL_2016,WL.20,1,0.330481220326455,-0.706009379364775,Healthy-only,115,115,0
Final fixed model,,BritoIL_2016,WL.25,1,0.309831962855998,-0.800905004824061,Healthy-only,115,115,0
Final fixed model,,BritoIL_2016,WL.26,1,0.788332782386448,1.31490500026227,Healthy-only,115,115,0
Final fixed model,,BritoIL_2016,WL.28,1,0.250675739641605,-1.09501158420409,Healthy-only,115,115,0
Final fixed model,,BritoIL_2016,WL.36,1,0.432473041103787,-0.271768261169016,Healthy-only,115,115,0
Final fixed model,,BritoIL_2016,WL.37,1,0.510470502235843,0.0418881326666874,Healthy-only,115,115,0
Final fixed model,,BritoIL_2016,WL.5,1,0.560030253872157,0.241284841293665,Healthy-only,115,115,0
Final fixed model,,BritoIL_2016,WL.9,1,0.591871536684073,0.371707626577613,Healthy-only,115,115,0
Final fixed model,,NagataN_2022,SRR19117446,1,0.75425275531178,1.12142398396505,Mixed,282,235,47
Final fixed model,,NagataN_2022,SRR19117447,1,0.12578805354404,-1.93872447204449,Mixed,282,235,47
Final fixed model,,NagataN_2022,SRR19117448,1,0.661428540215315,0.669666773569386,Mixed,282,235,47
Final fixed model,,NagataN_2022,SRR19117449,1,0.575211533363363,0.303146537797699,Mixed,282,235,47
Final fixed model,,NagataN_2022,SRR19117450,1,0.73795356351364,1.03535917399879,Mixed,282,235,47
Final fixed model,,NagataN_2022,SRR19117451,1,0.234891678349438,-1.18089295604817,Mixed,282,235,47
Final fixed model,,NagataN_2022,SRR19117452,1,0.27376979080184,-0.975579483436944,Mixed,282,235,47
Final fixed model,,NagataN_2022,SRR19117453,1,0.258395347257783,-1.0543255223782,Mixed,282,235,47
Final fixed model,,NagataN_2022,SRR19117454,1,0.396208146956224,-0.421289827586177,Mixed,282,235,47
Final fixed model,,NagataN_2022,SRR19117455,1,0.437657300229473,-0.250675265559177,Mixed,282,235,47
Final fixed model,,NagataN_2022,SRR19117456,1,0.551518580723673,0.206808277326443,Mixed,282,235,47
Final fixed model,,NagataN_2022,SRR19117457,1,0.271925904770541,-0.984873201924773,Mixed,282,235,47
Final fixed model,,NagataN_2022,SRR19117458,1,0.603399522737706,0.419650116300095,Mixed,282,235,47
Final fixed model,,NagataN_2022,SRR19117459,1,0.534223596070007,0.137108771471456,Mixed,282,235,47
Final fixed model,,NagataN_2022,SRR19117460,1,0.791769384972297,1.33562397720939,Mixed,282,235,47
Final fixed model,,NagataN_2022,SRR19117461,1,0.783117228136303,1.28392541569177,Mixed,282,235,47
Final fixed model,,NagataN_2022,SRR19117462,1,0.500448607212449,0.00179442933129885,Mixed,282,235,47
Final fixed model,,NagataN_2022,SRR19117463,1,0.213263851854797,-1.3053627891596,Mixed,282,235,47
Final fixed model,,NagataN_2022,SRR19117464,1,0.563365137748702,0.254830684861905,Mixed,282,235,47
Final fixed model,,NagataN_2022,SRR19117465,1,0.405378789602901,-0.383102668662901,Mixed,282,235,47
Final fixed model,,NagataN_2022,SRR19117466,1,0.196716502294217,-1.40694408221444,Mixed,282,235,47
Final fixed model,,NagataN_2022,SRR19117467,1,0.185241034764921,-1.48123445364689,Mixed,282,235,47
Final fixed model,,NagataN_2022,SRR19117468,1,0.383268553515358,-0.475697744661417,Mixed,282,235,47
Final fixed model,,NagataN_2022,SRR19117469,1,0.805575173009789,1.42151092819079,Mixed,282,235,47
Final fixed model,,NagataN_2022,SRR19117470,1,0.50728115990313,0.0291266986094417,Mixed,282,235,47
Final fixed model,,NagataN_2022,SRR19117471,1,0.319362949193444,-0.756700971252024,Mixed,282,235,47
Final fixed model,,NagataN_2022,SRR19117472,1,0.295829513222063,-0.867237176012688,Mixed,282,235,47
Final fixed model,,NagataN_2022,SRR19117473,1,0.203182694163887,-1.36651987964521,Mixed,282,235,47
Final fixed model,,NagataN_2022,SRR19117474,1,0.190776851617177,-1.44497028249531,Mixed,282,235,47
Final fixed model,,NagataN_2022,SRR19117475,1,0.507723424626449,0.0308961559895017,Mixed,282,235,47
Final fixed model,,NagataN_2022,SRR19117476,1,0.693076484705247,0.814541779939896,Mixed,282,235,47
Final fixed model,,NagataN_2022,SRR19117477,1,0.677964235434739,0.744431926997773,Mixed,282,235,47
Final fixed model,,NagataN_2022,SRR19117478,0,0.431289123272916,-0.276593494863433,Mixed,282,235,47
Final fixed model,,NagataN_2022,SRR19117479,0,0.24528817211357,-1.12390225941321,Mixed,282,235,47
Final fixed model,,NagataN_2022,SRR19117480,1,0.177053270012373,-1.53644082414104,Mixed,282,235,47
Final fixed model,,NagataN_2022,SRR19117481,0,0.276238303279559,-0.963198279162295,Mixed,282,235,47
Final fixed model,,NagataN_2022,SRR19117482,0,0.0856213029189465,-2.3683106969925,Mixed,282,235,47
Final fixed model,,NagataN_2022,SRR19117483,0,0.278573055731977,-0.951550774166912,Mixed,282,235,47
Final fixed model,,NagataN_2022,SRR19117484,0,0.264883150042709,-1.02074068060355,Mixed,282,235,47
Final fixed model,,NagataN_2022,SRR19117485,0,0.508171815036712,0.03269017102431,Mixed,282,235,47
Final fixed model,,NagataN_2022,SRR19117486,1,0.344421904731713,-0.643650061458969,Mixed,282,235,47
Final fixed model,,NagataN_2022,SRR19117487,1,0.200822331808805,-1.38116268841922,Mixed,282,235,47
Final fixed model,,NagataN_2022,SRR19117488,1,0.567463649202882,0.271510322110033,Mixed,282,235,47
Final fixed model,,NagataN_2022,SRR19117489,1,0.645217228156898,0.598081356054854,Mixed,282,235,47
Final fixed model,,NagataN_2022,SRR19117490,1,0.438783082035953,-0.24610232123599,Mixed,282,235,47
Final fixed model,,NagataN_2022,SRR19117491,1,0.410292505548129,-0.362756308353041,Mixed,282,235,47
Final fixed model,,NagataN_2022,SRR19117492,1,0.465039651666585,-0.140069954531559,Mixed,282,235,47
Final fixed model,,NagataN_2022,SRR19117493,1,0.552388086548928,0.210324262218902,Mixed,282,235,47
Final fixed model,,NagataN_2022,SRR19117494,1,0.495735855918839,-0.0170569898606175,Mixed,282,235,47
Final fixed model,,NagataN_2022,SRR19117495,1,0.399097487994707,-0.409226993876273,Mixed,282,235,47
Final fixed model,,NagataN_2022,SRR19117496,1,0.14499313072525,-1.77442313615421,Mixed,282,235,47
Final fixed model,,NagataN_2022,SRR19117497,1,0.0958913615348881,-2.2437336284755,Mixed,282,235,47
Final fixed model,,NagataN_2022,SRR19117498,1,0.336444221627003,-0.679180542166227,Mixed,282,235,47
Final fixed model,,NagataN_2022,SRR19117499,1,0.0864829214630266,-2.3573551166495,Mixed,282,235,47
Final fixed model,,NagataN_2022,SRR19117500,1,0.314305425326039,-0.78006709688942,Mixed,282,235,47
Final fixed model,,NagataN_2022,SRR19117501,1,0.327668351448974,-0.718749770186799,Mixed,282,235,47
Final fixed model,,NagataN_2022,SRR19117502,1,0.410940056447586,-0.360080594409072,Mixed,282,235,47
Final fixed model,,NagataN_2022,SRR19117503,1,0.442585632476257,-0.230674925236368,Mixed,282,235,47
Final fixed model,,NagataN_2022,SRR19117504,1,0.0860156957880542,-2.36328360990791,Mixed,282,235,47
Final fixed model,,NagataN_2022,SRR19117505,1,0.0867383156762007,-2.35412673967217,Mixed,282,235,47
Final fixed model,,NagataN_2022,SRR19117506,1,0.163682382137912,-1.63108061087767,Mixed,282,235,47
Final fixed model,,NagataN_2022,SRR19117507,1,0.0894693509902709,-2.32013144073978,Mixed,282,235,47
Final fixed model,,NagataN_2022,SRR19117508,1,0.187481372569548,-1.46645934582979,Mixed,282,235,47
Final fixed model,,NagataN_2022,SRR19117509,1,0.336412955894066,-0.679320593759348,Mixed,282,235,47
Final fixed model,,NagataN_2022,SRR19117510,1,0.429369548831598,-0.284423836974868,Mixed,282,235,47
Final fixed model,,NagataN_2022,SRR19117511,1,0.519120681468761,0.0765200414490705,Mixed,282,235,47
Final fixed model,,NagataN_2022,SRR19117512,1,0.681446935382141,0.760429314622032,Mixed,282,235,47
Final fixed model,,NagataN_2022,SRR19117513,1,0.401377132483857,-0.399730331011103,Mixed,282,235,47
Final fixed model,,NagataN_2022,SRR19117514,1,0.277570542945527,-0.956544668231294,Mixed,282,235,47
Final fixed model,,NagataN_2022,SRR19117515,1,0.618538834377128,0.483350926228103,Mixed,282,235,47
Final fixed model,,NagataN_2022,SRR19117516,1,0.297391555837564,-0.859750117869031,Mixed,282,235,47
Final fixed model,,NagataN_2022,SRR19117517,1,0.327041600709765,-0.721596131799458,Mixed,282,235,47
Final fixed model,,NagataN_2022,SRR19117518,1,0.339813075758019,-0.664127324225106,Mixed,282,235,47
Final fixed model,,NagataN_2022,SRR19117519,1,0.473455572924276,-0.106277628681645,Mixed,282,235,47
Final fixed model,,NagataN_2022,SRR19117520,1,0.400040253723472,-0.405297387073055,Mixed,282,235,47
Final fixed model,,NagataN_2022,SRR19117521,1,0.648781603681901,0.613687906319947,Mixed,282,235,47
Final fixed model,,NagataN_2022,SRR19117522,1,0.40546697262291,-0.382736847756428,Mixed,282,235,47
Final fixed model,,NagataN_2022,SRR19117523,1,0.48419433593018,-0.0632437278769616,Mixed,282,235,47
Final fixed model,,NagataN_2022,SRR19117524,1,0.431926221702611,-0.273996511091431,Mixed,282,235,47
Final fixed model,,NagataN_2022,SRR19117525,1,0.837254397993793,1.63793970684421,Mixed,282,235,47
Final fixed model,,NagataN_2022,SRR19117526,1,0.479467429832722,-0.0821764941205148,Mixed,282,235,47
Final fixed model,,NagataN_2022,SRR19117527,1,0.462371140557122,-0.150800566647036,Mixed,282,235,47
Final fixed model,,NagataN_2022,SRR19117528,1,0.308687031489721,-0.806264721823265,Mixed,282,235,47
Final fixed model,,NagataN_2022,SRR19117529,1,0.446145299342444,-0.216257696923116,Mixed,282,235,47
Final fixed model,,NagataN_2022,SRR19117530,1,0.498488282946923,-0.00604688663752834,Mixed,282,235,47
Final fixed model,,NagataN_2022,SRR19117531,1,0.253028777354981,-1.08252343374331,Mixed,282,235,47
Final fixed model,,NagataN_2022,SRR19117532,1,0.547864491898571,0.192046047225764,Mixed,282,235,47
Final fixed model,,NagataN_2022,SRR19117533,1,0.227762576020126,-1.22098829361297,Mixed,282,235,47
Final fixed model,,NagataN_2022,SRR19117534,1,0.510827955562252,0.0433185949258037,Mixed,282,235,47
Final fixed model,,NagataN_2022,SRR19117535,1,0.298036774868367,-0.856664132311141,Mixed,282,235,47
Final fixed model,,NagataN_2022,SRR19117536,1,0.710660745165423,0.898595272463152,Mixed,282,235,47
Final fixed model,,NagataN_2022,SRR19117537,1,0.710485513256359,0.897743221497494,Mixed,282,235,47
Final fixed model,,NagataN_2022,SRR19117538,1,0.612783642614135,0.459028325383224,Mixed,282,235,47
Final fixed model,,NagataN_2022,SRR19117539,1,0.507085392086038,0.0283434656734914,Mixed,282,235,47
Final fixed model,,NagataN_2022,SRR19117540,1,0.508861205147668,0.035448532171776,Mixed,282,235,47
Final fixed model,,NagataN_2022,SRR19117541,1,0.354324381584354,-0.600084413276337,Mixed,282,235,47
Final fixed model,,NagataN_2022,SRR19117542,1,0.69276475977598,0.813076780615087,Mixed,282,235,47
Final fixed model,,NagataN_2022,SRR19117543,1,0.50441498355641,0.0176603932189081,Mixed,282,235,47
Final fixed model,,NagataN_2022,SRR19117544,1,0.553357980125439,0.21424771071677,Mixed,282,235,47
Final fixed model,,NagataN_2022,SRR19117545,1,0.329805982033413,-0.709062701191768,Mixed,282,235,47
Final fixed model,,NagataN_2022,SRR19117546,1,0.577250897173924,0.311498136910522,Mixed,282,235,47
Final fixed model,,NagataN_2022,SRR19117547,1,0.156772690088206,-1.68243964328686,Mixed,282,235,47
Final fixed model,,NagataN_2022,SRR19117548,1,0.791500289509303,1.3339925923899,Mixed,282,235,47
Final fixed model,,NagataN_2022,SRR19117549,1,0.550471954988,0.202577766709133,Mixed,282,235,47
Final fixed model,,NagataN_2022,SRR19117550,1,0.782016786873678,1.27745815108886,Mixed,282,235,47
Final fixed model,,NagataN_2022,SRR19117551,1,0.750273109702141,1.10006940460725,Mixed,282,235,47
Final fixed model,,NagataN_2022,SRR19117552,1,0.482426073754543,-0.0703246735613539,Mixed,282,235,47
Final fixed model,,NagataN_2022,SRR19117553,1,0.360722245730338,-0.572230770372466,Mixed,282,235,47
Final fixed model,,NagataN_2022,SRR19117554,1,0.595715125008345,0.38764280903601,Mixed,282,235,47
Final fixed model,,NagataN_2022,SRR19117555,1,0.272683970892149,-0.981047577263869,Mixed,282,235,47
Final fixed model,,NagataN_2022,SRR19117556,1,0.145956171042579,-1.76667613613454,Mixed,282,235,47
Final fixed model,,NagataN_2022,SRR19117557,1,0.768133093379097,1.19779948811215,Mixed,282,235,47
Final fixed model,,NagataN_2022,SRR19117558,1,0.192906703695042,-1.43123259890657,Mixed,282,235,47
Final fixed model,,NagataN_2022,SRR19117559,1,0.587348838605723,0.353016326409198,Mixed,282,235,47
Final fixed model,,NagataN_2022,SRR19117560,1,0.44891752274936,-0.205045304543685,Mixed,282,235,47
Final fixed model,,NagataN_2022,SRR19117561,1,0.508513688795173,0.0340580469364178,Mixed,282,235,47
Final fixed model,,NagataN_2022,SRR19117562,1,0.551547422683538,0.206924883830307,Mixed,282,235,47
Final fixed model,,NagataN_2022,SRR19117563,1,0.226482183466451,-1.22828242176772,Mixed,282,235,47
Final fixed model,,NagataN_2022,SRR19117564,1,0.374907983482734,-0.5112182468462,Mixed,282,235,47
Final fixed model,,NagataN_2022,SRR19117565,1,0.600744685844525,0.408568931356871,Mixed,282,235,47
Final fixed model,,NagataN_2022,SRR19117566,1,0.545677354011691,0.183220254745153,Mixed,282,235,47
Final fixed model,,NagataN_2022,SRR19117567,1,0.101112353819938,-2.18492573759498,Mixed,282,235,47
Final fixed model,,NagataN_2022,SRR19117568,1,0.777582435884551,1.25163313069681,Mixed,282,235,47
Final fixed model,,NagataN_2022,SRR19117569,1,0.575960628779934,0.30621299797497,Mixed,282,235,47
Final fixed model,,NagataN_2022,SRR19117570,1,0.166032316745898,-1.61401220391102,Mixed,282,235,47
Final fixed model,,NagataN_2022,SRR19117571,1,0.223283227806083,-1.24663472392624,Mixed,282,235,47
Final fixed model,,NagataN_2022,SRR19117572,1,0.334946333415514,-0.685897418798242,Mixed,282,235,47
Final fixed model,,NagataN_2022,SRR19117573,1,0.534207770149961,0.137045169954784,Mixed,282,235,47
Final fixed model,,NagataN_2022,SRR19117574,1,0.607754054945108,0.437881231330157,Mixed,282,235,47
Final fixed model,,NagataN_2022,SRR19117575,1,0.325899097235346,-0.726791991299996,Mixed,282,235,47
Final fixed model,,NagataN_2022,SRR19117576,1,0.526996740645285,0.108092084506892,Mixed,282,235,47
Final fixed model,,NagataN_2022,SRR19117577,1,0.200972741448888,-1.3802257768376,Mixed,282,235,47
Final fixed model,,NagataN_2022,SRR19117578,1,0.370212763036519,-0.531304167637352,Mixed,282,235,47
Final fixed model,,NagataN_2022,SRR19117579,1,0.394130774182488,-0.429981395404999,Mixed,282,235,47
Final fixed model,,NagataN_2022,SRR19117580,1,0.341571598854881,-0.656298468111724,Mixed,282,235,47
Final fixed model,,NagataN_2022,SRR19117581,1,0.140107205603341,-1.81439983992019,Mixed,282,235,47
Final fixed model,,NagataN_2022,SRR19117582,1,0.612613971985839,0.458313317542846,Mixed,282,235,47
Final fixed model,,NagataN_2022,SRR19117583,1,0.115605061054184,-2.03472399035644,Mixed,282,235,47
Final fixed model,,NagataN_2022,SRR19117584,1,0.316219766079594,-0.771199136415826,Mixed,282,235,47
Final fixed model,,NagataN_2022,SRR19117585,1,0.533994455388169,0.136187923374556,Mixed,282,235,47
Final fixed model,,NagataN_2022,SRR19117586,1,0.565162498110373,0.262140894646626,Mixed,282,235,47
Final fixed model,,NagataN_2022,SRR19117587,1,0.493517806373302,-0.0259302273158076,Mixed,282,235,47
Final fixed model,,NagataN_2022,SRR19117588,1,0.447059771981517,-0.212557605161124,Mixed,282,235,47
Final fixed model,,NagataN_2022,SRR19117589,1,0.176593883597999,-1.53959688417792,Mixed,282,235,47
Final fixed model,,NagataN_2022,SRR19117590,1,0.182960820102275,-1.49641501740389,Mixed,282,235,47
Final fixed model,,NagataN_2022,SRR19117591,1,0.695284442925917,0.824942290524922,Mixed,282,235,47
Final fixed model,,NagataN_2022,SRR19117592,1,0.114017139950758,-2.05034881756283,Mixed,282,235,47
Final fixed model,,NagataN_2022,SRR19117593,1,0.0956618875960955,-2.24638333820855,Mixed,282,235,47
Final fixed model,,NagataN_2022,SRR19117594,1,0.141991056143555,-1.79885045279566,Mixed,282,235,47
Final fixed model,,NagataN_2022,SRR19117595,1,0.156111224763198,-1.6874519705652,Mixed,282,235,47
Final fixed model,,NagataN_2022,SRR19117596,1,0.207615694655703,-1.33935775925188,Mixed,282,235,47
Final fixed model,,NagataN_2022,SRR19117597,1,0.442412423269312,-0.231377047958525,Mixed,282,235,47
Final fixed model,,NagataN_2022,SRR19117598,1,0.236078000288722,-1.17430342921848,Mixed,282,235,47
Final fixed model,,NagataN_2022,SRR19117599,1,0.705769573497754,0.874925577101558,Mixed,282,235,47
Final fixed model,,NagataN_2022,SRR19117600,1,0.0906746410943749,-2.30542523371784,Mixed,282,235,47
Final fixed model,,NagataN_2022,SRR19117601,1,0.487312238622918,-0.0507619428751181,Mixed,282,235,47
Final fixed model,,NagataN_2022,SRR19117602,1,0.464743086746295,-0.141262092039219,Mixed,282,235,47
Final fixed model,,NagataN_2022,SRR19117603,1,0.803418312996545,1.40779746116788,Mixed,282,235,47
Final fixed model,,NagataN_2022,SRR19117604,1,0.390967960453202,-0.443245262366339,Mixed,282,235,47
Final fixed model,,NagataN_2022,SRR19117605,1,0.156409833102126,-1.68518709478568,Mixed,282,235,47
Final fixed model,,NagataN_2022,SRR19117606,1,0.422410102143381,-0.312887449400033,Mixed,282,235,47
Final fixed model,,NagataN_2022,SRR19117607,1,0.437989184649046,-0.249326876615742,Mixed,282,235,47
Final fixed model,,NagataN_2022,SRR19117608,1,0.591598378485654,0.37057693324649,Mixed,282,235,47
Final fixed model,,NagataN_2022,SRR19117609,1,0.636228444232458,0.559031611319979,Mixed,282,235,47
Final fixed model,,NagataN_2022,SRR19117610,1,0.427119813054214,-0.293612030522196,Mixed,282,235,47
Final fixed model,,NagataN_2022,SRR19117611,1,0.36394901764699,-0.558264924641955,Mixed,282,235,47
Final fixed model,,NagataN_2022,SRR19117612,1,0.390777721499998,-0.444044279321302,Mixed,282,235,47
Final fixed model,,NagataN_2022,SRR19117613,1,0.548441315030651,0.194374940056955,Mixed,282,235,47
Final fixed model,,NagataN_2022,SRR19117614,1,0.554927532264328,0.220600414972383,Mixed,282,235,47
Final fixed model,,NagataN_2022,SRR19117615,1,0.412371026043855,-0.354172259314212,Mixed,282,235,47
Final fixed model,,NagataN_2022,SRR19117616,1,0.44074970723132,-0.238119966845794,Mixed,282,235,47
Final fixed model,,NagataN_2022,SRR19117617,1,0.27215240869849,-0.983729438202219,Mixed,282,235,47
Final fixed model,,NagataN_2022,SRR19117618,1,0.553818625397773,0.216111703300258,Mixed,282,235,47
Final fixed model,,NagataN_2022,SRR19117619,1,0.579011033023836,0.318714906068785,Mixed,282,235,47
Final fixed model,,NagataN_2022,SRR19117620,0,0.725991112889759,0.974377232980206,Mixed,282,235,47
Final fixed model,,NagataN_2022,SRR19117621,0,0.463977656194209,-0.144339450093874,Mixed,282,235,47
Final fixed model,,NagataN_2022,SRR19117622,1,0.473581650149357,-0.105771901184792,Mixed,282,235,47
Final fixed model,,NagataN_2022,SRR19117623,0,0.478355686320552,-0.0866313947938276,Mixed,282,235,47
Final fixed model,,NagataN_2022,SRR19117624,0,0.309309430150176,-0.803349755057368,Mixed,282,235,47
Final fixed model,,NagataN_2022,SRR19117625,0,0.331427680895498,-0.701734943201213,Mixed,282,235,47
Final fixed model,,NagataN_2022,SRR19117626,0,0.0785354411403936,-2.46241431370092,Mixed,282,235,47
Final fixed model,,NagataN_2022,SRR19117627,0,0.107015937486842,-2.12159096174217,Mixed,282,235,47
Final fixed model,,NagataN_2022,SRR19117628,0,0.178313041152216,-1.52781883004814,Mixed,282,235,47
Final fixed model,,NagataN_2022,SRR19117629,0,0.351295689681901,-0.613348715169824,Mixed,282,235,47
Final fixed model,,NagataN_2022,SRR19117630,0,0.62480217621721,0.509981664618754,Mixed,282,235,47
Final fixed model,,NagataN_2022,SRR19117631,0,0.45791766379355,-0.168728507145745,Mixed,282,235,47
Final fixed model,,NagataN_2022,SRR19117632,0,0.44861218816321,-0.206279603262482,Mixed,282,235,47
Final fixed model,,NagataN_2022,SRR19117633,1,0.20208586572841,-1.37330830555235,Mixed,282,235,47
Final fixed model,,NagataN_2022,SRR19117634,0,0.330841693356029,-0.704380670726191,Mixed,282,235,47
Final fixed model,,NagataN_2022,SRR19117635,0,0.678323309012144,0.7460770553522,Mixed,282,235,47
Final fixed model,,NagataN_2022,SRR19117636,0,0.191115677941765,-1.44277702963877,Mixed,282,235,47
Final fixed model,,NagataN_2022,SRR19117637,0,0.427341844263953,-0.292704686849428,Mixed,282,235,47
Final fixed model,,NagataN_2022,SRR19117638,0,0.133711674537359,-1.86853199328471,Mixed,282,235,47
Final fixed model,,NagataN_2022,SRR19117639,0,0.107612733456862,-2.11536121227614,Mixed,282,235,47
Final fixed model,,NagataN_2022,SRR19117640,0,0.459887317263961,-0.160796292517524,Mixed,282,235,47
Final fixed model,,NagataN_2022,SRR19117641,0,0.379669279302023,-0.490952200153708,Mixed,282,235,47
Final fixed model,,NagataN_2022,SRR19117642,0,0.514499102756525,0.0580126755481438,Mixed,282,235,47
Final fixed model,,NagataN_2022,SRR19117643,0,0.0771654190124612,-2.48149858315373,Mixed,282,235,47
Final fixed model,,NagataN_2022,SRR19117644,1,0.564920802240573,0.261157469963895,Mixed,282,235,47
Final fixed model,,NagataN_2022,SRR19117645,0,0.829700384334285,1.58350532203213,Mixed,282,235,47
Final fixed model,,NagataN_2022,SRR19117646,0,0.466234192314049,-0.135269113878525,Mixed,282,235,47
Final fixed model,,NagataN_2022,SRR19117647,0,0.214972819299721,-1.29520674400489,Mixed,282,235,47
Final fixed model,,NagataN_2022,SRR19117648,0,0.124423208245467,-1.95119413540016,Mixed,282,235,47
Final fixed model,,NagataN_2022,SRR19117649,0,0.284822113934152,-0.920666479686837,Mixed,282,235,47
Final fixed model,,NagataN_2022,SRR19117650,0,0.605772583437629,0.429576698601371,Mixed,282,235,47
Final fixed model,,NagataN_2022,SRR19117651,0,0.464527022883015,-0.142130692870612,Mixed,282,235,47
Final fixed model,,NagataN_2022,SRR19117652,0,0.106763738463677,-2.12423277509334,Mixed,282,235,47
Final fixed model,,NagataN_2022,SRR19117653,0,0.117554109997646,-2.01579873428272,Mixed,282,235,47
Final fixed model,,NagataN_2022,SRR19117654,0,0.34797471680782,-0.627953514792889,Mixed,282,235,47
Final fixed model,,NagataN_2022,SRR19117655,1,0.539592963396799,0.158704123438082,Mixed,282,235,47
Final fixed model,,NagataN_2022,SRR19117656,0,0.423148549345994,-0.309861484271795,Mixed,282,235,47
Final fixed model,,NagataN_2022,SRR19117657,0,0.0651184192135127,-2.66421242327957,Mixed,282,235,47
Final fixed model,,NagataN_2022,SRR19117658,0,0.238664037110314,-1.16001787544733,Mixed,282,235,47
Final fixed model,,NagataN_2022,SRR19117659,0,0.592768466820139,0.375421977658924,Mixed,282,235,47
Final fixed model,,NagataN_2022,SRR19117660,0,0.408594024305696,-0.369780654212336,Mixed,282,235,47
Final fixed model,,NagataN_2022,SRR19117661,0,0.328647757325448,-0.714307420270781,Mixed,282,235,47
Final fixed model,,NagataN_2022,SRR19117662,0,0.214259078090464,-1.29944119413845,Mixed,282,235,47
Final fixed model,,NagataN_2022,SRR19117663,0,0.44947202097661,-0.2028041724125,Mixed,282,235,47
Final fixed model,,NagataN_2022,SRR19117664,1,0.620381376809998,0.491167287245827,Mixed,282,235,47
Final fixed model,,NagataN_2022,SRR19117665,1,0.624244308269952,0.507602635239139,Mixed,282,235,47
Final fixed model,,NagataN_2022,SRR19117666,1,0.534272570299961,0.137305591818337,Mixed,282,235,47
Final fixed model,,NagataN_2022,SRR19117667,1,0.488122683823314,-0.0475182039499718,Mixed,282,235,47
Final fixed model,,NagataN_2022,SRR19117668,1,0.512277059540537,0.0491181109307064,Mixed,282,235,47
Final fixed model,,NagataN_2022,SRR19117669,1,0.301529787648964,-0.840023723161579,Mixed,282,235,47
Final fixed model,,NagataN_2022,SRR19117670,1,0.670114288570084,0.708702012318722,Mixed,282,235,47
Final fixed model,,NagataN_2022,SRR19117671,1,0.249579554897563,-1.10085592125421,Mixed,282,235,47
Final fixed model,,NagataN_2022,SRR19117672,1,0.310260167184769,-0.798903278107838,Mixed,282,235,47
Final fixed model,,NagataN_2022,SRR19117673,1,0.744469202184375,1.06932854238016,Mixed,282,235,47
Final fixed model,,NagataN_2022,SRR19117674,1,0.323191341383668,-0.739144065659254,Mixed,282,235,47
Final fixed model,,NagataN_2022,SRR19117675,1,0.0902252527339516,-2.31088768671623,Mixed,282,235,47
Final fixed model,,NagataN_2022,SRR19117676,1,0.525247513164769,0.101076017261234,Mixed,282,235,47
Final fixed model,,NagataN_2022,SRR19117677,1,0.387113135293021,-0.459463369316234,Mixed,282,235,47
Final fixed model,,NagataN_2022,SRR19117678,1,0.313141542404072,-0.785472940818429,Mixed,282,235,47
Final fixed model,,NagataN_2022,SRR19117679,1,0.435183032901842,-0.260735018740602,Mixed,282,235,47
Final fixed model,,NagataN_2022,SRR19117680,1,0.44508247507081,-0.220559896741424,Mixed,282,235,47
Final fixed model,,NagataN_2022,SRR19117681,1,0.658773548577925,0.657833509287189,Mixed,282,235,47
Final fixed model,,NagataN_2022,SRR19117682,1,0.727103803281683,0.979977759319465,Mixed,282,235,47
Final fixed model,,NagataN_2022,SRR19117683,1,0.447327072760618,-0.21147634145258,Mixed,282,235,47
Final fixed model,,NagataN_2022,SRR19117684,1,0.793268927621189,1.34474350966724,Mixed,282,235,47
Final fixed model,,NagataN_2022,SRR19117685,1,0.173136432450158,-1.56355979810671,Mixed,282,235,47
Final fixed model,,NagataN_2022,SRR19117686,1,0.26403231879866,-1.02511469100799,Mixed,282,235,47
Final fixed model,,NagataN_2022,SRR19117687,1,0.0671863824326783,-2.63073482945892,Mixed,282,235,47
Final fixed model,,NagataN_2022,SRR19117688,1,0.394338652223632,-0.429110934282837,Mixed,282,235,47
Final fixed model,,NagataN_2022,SRR19117689,1,0.388306329374325,-0.454437082185989,Mixed,282,235,47
Final fixed model,,NagataN_2022,SRR19117690,1,0.450702971573212,-0.197830807673684,Mixed,282,235,47
Final fixed model,,NagataN_2022,SRR19117691,1,0.304349797193226,-0.826669263244138,Mixed,282,235,47
Final fixed model,,NagataN_2022,SRR19117692,1,0.344109911070564,-0.645032112275447,Mixed,282,235,47
Final fixed model,,NagataN_2022,SRR19117693,1,0.274142035470504,-0.97370800483425,Mixed,282,235,47
Final fixed model,,NagataN_2022,SRR19117694,1,0.0550588147083606,-2.8427207155603,Mixed,282,235,47
Final fixed model,,NagataN_2022,SRR19117695,1,0.459212359361037,-0.163513910991539,Mixed,282,235,47
Final fixed model,,NagataN_2022,SRR19117696,1,0.434233523646907,-0.264598944807363,Mixed,282,235,47
Final fixed model,,NagataN_2022,SRR19117697,1,0.611510982485427,0.453668014414333,Mixed,282,235,47
Final fixed model,,NagataN_2022,SRR19117698,1,0.358004434593555,-0.584036022742694,Mixed,282,235,47
Final fixed model,,NagataN_2022,SRR19117699,1,0.108815323515947,-2.10289950913093,Mixed,282,235,47
Final fixed model,,NagataN_2022,SRR19117700,1,0.764272168336491,1.17624608315431,Mixed,282,235,47
Final fixed model,,NagataN_2022,SRR19117701,1,0.432758980742136,-0.270603344896978,Mixed,282,235,47
Final fixed model,,NagataN_2022,SRR19117702,1,0.647262629840644,0.607028345371021,Mixed,282,235,47
Final fixed model,,NagataN_2022,SRR19117703,1,0.667877228340421,0.698599672020822,Mixed,282,235,47
Final fixed model,,NagataN_2022,SRR19117704,1,0.357136313918877,-0.587815164393712,Mixed,282,235,47
Final fixed model,,NagataN_2022,SRR19117705,1,0.294812569815101,-0.872123828040151,Mixed,282,235,47
Final fixed model,,NagataN_2022,SRR19117706,1,0.492017137137952,-0.0319341650190264,Mixed,282,235,47
Final fixed model,,NagataN_2022,SRR19117707,1,0.282289787095273,-0.933131727264269,Mixed,282,235,47
Final fixed model,,NagataN_2022,SRR19117708,1,0.515666966265857,0.0626883865772841,Mixed,282,235,47
Final fixed model,,NagataN_2022,SRR19117709,1,0.65524433116896,0.642172230916295,Mixed,282,235,47
Final fixed model,,NagataN_2022,SRR19117710,1,0.603132368693653,0.418533886854339,Mixed,282,235,47
Final fixed model,,NagataN_2022,SRR19117711,1,0.158140245541169,-1.67213116864502,Mixed,282,235,47
Final fixed model,,NagataN_2022,SRR19117712,1,0.339743785346506,-0.664436202687792,Mixed,282,235,47
Final fixed model,,NagataN_2022,SRR19117713,1,0.727854983648721,0.983766757496149,Mixed,282,235,47
Final fixed model,,NagataN_2022,SRR19117714,1,0.585694585672966,0.346195051241982,Mixed,282,235,47
Final fixed model,,NagataN_2022,SRR19117715,1,0.160462202890279,-1.65479308003707,Mixed,282,235,47
Final fixed model,,NagataN_2022,SRR19117716,1,0.665054637923033,0.685901779325606,Mixed,282,235,47
Final fixed model,,NagataN_2022,SRR19117717,1,0.333915826066902,-0.690527106390003,Mixed,282,235,47
Final fixed model,,NagataN_2022,SRR19117718,1,0.2992958169006,-0.850653366760062,Mixed,282,235,47
Final fixed model,,NagataN_2022,SRR19117719,1,0.583843992061291,0.338573601216847,Mixed,282,235,47
Final fixed model,,NagataN_2022,SRR19117720,1,0.558715406266597,0.235950226718885,Mixed,282,235,47
Final fixed model,,NagataN_2022,SRR19117721,1,0.395760478098659,-0.423161503794486,Mixed,282,235,47
Final fixed model,,NagataN_2022,SRR19117722,1,0.254903721256184,-1.07262753308078,Mixed,282,235,47
Final fixed model,,NagataN_2022,SRR19117723,1,0.188788417585943,-1.45790200656134,Mixed,282,235,47
Final fixed model,,NagataN_2022,SRR19117724,1,0.701542893085318,0.854655815405539,Mixed,282,235,47
Final fixed model,,NagataN_2022,SRR19117725,1,0.706065848581874,0.876352735605561,Mixed,282,235,47
Final fixed model,,NagataN_2022,SRR19117726,1,0.616188968889564,0.473403359187445,Mixed,282,235,47
Final fixed model,,NagataN_2022,SRR19117727,1,0.335093395968844,-0.685237298820487,Mixed,282,235,47
Final fixed model,,BelstromD_2021,SRR13061491,1,0.258819338995796,-1.05211411712764,Mixed,78,36,42
Final fixed model,,BelstromD_2021,SRR13061494,1,0.452450695011648,-0.190773716506172,Mixed,78,36,42
Final fixed model,,BelstromD_2021,SRR13061495,1,0.309783039786122,-0.801133802462508,Mixed,78,36,42
Final fixed model,,BelstromD_2021,SRR13061497,1,0.287612729664485,-0.907006795986342,Mixed,78,36,42
Final fixed model,,BelstromD_2021,SRR13061498,1,0.791837021414589,1.33603426581944,Mixed,78,36,42
Final fixed model,,BelstromD_2021,SRR13061500,1,0.729638785341284,0.992790700112593,Mixed,78,36,42
Final fixed model,,BelstromD_2021,SRR13061501,1,0.401542236392758,-0.399043227744763,Mixed,78,36,42
Final fixed model,,BelstromD_2021,SRR13061503,1,0.379275740176,-0.492623470089219,Mixed,78,36,42
Final fixed model,,BelstromD_2021,SRR13061504,1,0.482593371354477,-0.0696546633045084,Mixed,78,36,42
Final fixed model,,BelstromD_2021,SRR13061506,0,0.494884226347894,-0.0204638087099644,Mixed,78,36,42
Final fixed model,,BelstromD_2021,SRR13061507,0,0.390460683952382,-0.445376169340187,Mixed,78,36,42
Final fixed model,,BelstromD_2021,SRR13061509,0,0.289034290083878,-0.900078868790916,Mixed,78,36,42
Final fixed model,,BelstromD_2021,SRR13061510,0,0.409813031817285,-0.364738346192228,Mixed,78,36,42
Final fixed model,,BelstromD_2021,SRR13061512,0,0.315037700784929,-0.776671482409895,Mixed,78,36,42
Final fixed model,,BelstromD_2021,SRR13061513,0,0.29768827644064,-0.858330469320521,Mixed,78,36,42
Final fixed model,,BelstromD_2021,SRR13061514,1,0.63766076713425,0.565225548600869,Mixed,78,36,42
Final fixed model,,BelstromD_2021,SRR13061516,0,0.201573744380056,-1.37648731824636,Mixed,78,36,42
Final fixed model,,BelstromD_2021,SRR13061517,0,0.253150944220084,-1.08187716919269,Mixed,78,36,42
Final fixed model,,BelstromD_2021,SRR13061519,0,0.183648472060857,-1.49182160385386,Mixed,78,36,42
Final fixed model,,BelstromD_2021,SRR13061520,0,0.363241988232959,-0.56132044964729,Mixed,78,36,42
Final fixed model,,BelstromD_2021,SRR13061522,0,0.277206066569845,-0.958363013282561,Mixed,78,36,42
Final fixed model,,BelstromD_2021,SRR13061523,0,0.369642447864518,-0.533751020174839,Mixed,78,36,42
Final fixed model,,BelstromD_2021,SRR13061526,0,0.343451607155979,-0.64795018432579,Mixed,78,36,42
Final fixed model,,BelstromD_2021,SRR13061527,0,0.418713482104063,-0.328056908994838,Mixed,78,36,42
Final fixed model,,BelstromD_2021,SRR13061528,0,0.548297506195015,0.193794270573232,Mixed,78,36,42
Final fixed model,,BelstromD_2021,SRR13061529,0,0.18264251427414,-1.498545789776,Mixed,78,36,42
Final fixed model,,BelstromD_2021,SRR13061531,0,0.174538882132953,-1.55379462387112,Mixed,78,36,42
Final fixed model,,BelstromD_2021,SRR13061532,0,0.205643190074213,-1.35139016310894,Mixed,78,36,42
Final fixed model,,BelstromD_2021,SRR13061534,0,0.16753298983823,-1.60321330750583,Mixed,78,36,42
Final fixed model,,BelstromD_2021,SRR13061535,0,0.135794126430144,-1.85067105744447,Mixed,78,36,42
Final fixed model,,BelstromD_2021,SRR13061536,1,0.551870939186437,0.208232940018166,Mixed,78,36,42
Final fixed model,,BelstromD_2021,SRR13061537,0,0.244045677187072,-1.13062554543505,Mixed,78,36,42
Final fixed model,,BelstromD_2021,SRR13061538,1,0.441128875126504,-0.236581834130044,Mixed,78,36,42
Final fixed model,,BelstromD_2021,SRR13061540,1,0.672639663824579,0.720148258771786,Mixed,78,36,42
Final fixed model,,BelstromD_2021,SRR13061541,1,0.489213330332617,-0.0431533741564072,Mixed,78,36,42
Final fixed model,,BelstromD_2021,SRR13061543,1,0.26428433402728,-1.0238181742762,Mixed,78,36,42
Final fixed model,,BelstromD_2021,SRR13061544,1,0.433247351125667,-0.268614148559168,Mixed,78,36,42
Final fixed model,,BelstromD_2021,SRR13061546,1,0.778615630187312,1.25761708897766,Mixed,78,36,42
Final fixed model,,BelstromD_2021,SRR13061547,1,0.438676372566215,-0.246535666306552,Mixed,78,36,42
Final fixed model,,BelstromD_2021,SRR13061548,1,0.620370987747481,0.491123174124188,Mixed,78,36,42
Final fixed model,,BelstromD_2021,SRR13061550,1,0.440011429944723,-0.241115669183313,Mixed,78,36,42
Final fixed model,,BelstromD_2021,SRR13061551,1,0.629361276057432,0.529477659312855,Mixed,78,36,42
Final fixed model,,BelstromD_2021,SRR13061552,1,0.637302329651943,0.56367453463043,Mixed,78,36,42
Final fixed model,,BelstromD_2021,SRR13061554,1,0.518260910724972,0.0730761451769785,Mixed,78,36,42
Final fixed model,,BelstromD_2021,SRR13061557,0,0.336612819363007,-0.678425436706541,Mixed,78,36,42
Final fixed model,,BelstromD_2021,SRR13061558,0,0.468025308664489,-0.128073542734027,Mixed,78,36,42
Final fixed model,,BelstromD_2021,SRR13061560,0,0.355894849675072,-0.593226668536575,Mixed,78,36,42
Final fixed model,,BelstromD_2021,SRR13061561,0,0.638266147640249,0.567846628721533,Mixed,78,36,42
Final fixed model,,BelstromD_2021,SRR13061563,0,0.683394172196148,0.769414257239493,Mixed,78,36,42
Final fixed model,,BelstromD_2021,SRR13061565,0,0.3076560456858,-0.811100451764657,Mixed,78,36,42
Final fixed model,,BelstromD_2021,SRR13061567,0,0.336652339511819,-0.678248463186903,Mixed,78,36,42
Final fixed model,,BelstromD_2021,SRR13061568,0,0.178722574476223,-1.52502622379618,Mixed,78,36,42
Final fixed model,,BelstromD_2021,SRR13061570,0,0.245026278838341,-1.12531747687749,Mixed,78,36,42
Final fixed model,,BelstromD_2021,SRR13061571,0,0.254152202635786,-1.07658824387522,Mixed,78,36,42
Final fixed model,,BelstromD_2021,SRR13061573,0,0.22001791733376,-1.26556196301679,Mixed,78,36,42
Final fixed model,,BelstromD_2021,SRR13061574,0,0.29188143920223,-0.886263848741599,Mixed,78,36,42
Final fixed model,,BelstromD_2021,SRR13061577,1,0.587841647141152,0.355049976941235,Mixed,78,36,42
Final fixed model,,BelstromD_2021,SRR13061579,0,0.17553724990391,-1.54688069165053,Mixed,78,36,42
Final fixed model,,BelstromD_2021,SRR13061580,0,0.625918842572698,0.51474794590048,Mixed,78,36,42
Final fixed model,,BelstromD_2021,SRR13061581,0,0.557313645038739,0.230266661516805,Mixed,78,36,42
Final fixed model,,BelstromD_2021,SRR13061582,0,0.222564995120124,-1.25078087370026,Mixed,78,36,42
Final fixed model,,BelstromD_2021,SRR13061584,0,0.272918252432542,-0.979866607579884,Mixed,78,36,42
Final fixed model,,BelstromD_2021,SRR13061585,0,0.198930203840836,-1.39299405081621,Mixed,78,36,42
Final fixed model,,BelstromD_2021,SRR13061587,0,0.216241592252832,-1.28770455417722,Mixed,78,36,42
Final fixed model,,BelstromD_2021,SRR13061588,1,0.503995202207139,0.0159811489481578,Mixed,78,36,42
Final fixed model,,BelstromD_2021,SRR13061589,0,0.494381764999483,-0.0224738858718089,Mixed,78,36,42
Final fixed model,,BelstromD_2021,SRR13061590,0,0.380003899088242,-0.489531675741039,Mixed,78,36,42
Final fixed model,,BelstromD_2021,SRR13061591,1,0.275317228881575,-0.967810009623274,Mixed,78,36,42
Final fixed model,,BelstromD_2021,SRR13061593,1,0.572042832356022,0.290190755341878,Mixed,78,36,42
Final fixed model,,BelstromD_2021,SRR13061594,1,0.642415631133514,0.585864163615619,Mixed,78,36,42
Final fixed model,,BelstromD_2021,SRR13061596,1,0.468162492962921,-0.127522561944851,Mixed,78,36,42
Final fixed model,,BelstromD_2021,SRR13061597,1,0.375713985668106,-0.507780442143201,Mixed,78,36,42
Final fixed model,,BelstromD_2021,SRR13061599,1,0.365826838142942,-0.550161941485786,Mixed,78,36,42
Final fixed model,,BelstromD_2021,SRR13061600,1,0.825555316302996,1.55444857805091,Mixed,78,36,42
Final fixed model,,BelstromD_2021,SRR13061601,1,0.464909286230315,-0.140593987790152,Mixed,78,36,42
Final fixed model,,BelstromD_2021,SRR13061603,1,0.60654412332787,0.432808545353537,Mixed,78,36,42
Final fixed model,,BelstromD_2021,SRR13061605,1,0.586580044965157,0.34984522122787,Mixed,78,36,42
Final fixed model,,BelstromD_2021,SRR13061607,1,0.633702107042075,0.548132063769883,Mixed,78,36,42
Final fixed model,,CaselliE_2020,ERR3827177,1,0.458187175604887,-0.167642818363646,Healthy-only,54,54,0
Final fixed model,,CaselliE_2020,ERR3827186,1,0.755813494393261,1.12986234465186,Healthy-only,54,54,0
Final fixed model,,CaselliE_2020,ERR3827193,1,0.384145470136969,-0.471989473493271,Healthy-only,54,54,0
Final fixed model,,CaselliE_2020,ERR3827194,1,0.522041331979968,0.0882225046108251,Healthy-only,54,54,0
Final fixed model,,CaselliE_2020,ERR3827195,1,0.381087695166095,-0.484934070647069,Healthy-only,54,54,0
Final fixed model,,CaselliE_2020,ERR3827201,1,0.752270551168078,1.11075881619958,Healthy-only,54,54,0
Final fixed model,,CaselliE_2020,ERR3827202,1,0.81199898537672,1.46305173087711,Healthy-only,54,54,0
Final fixed model,,CaselliE_2020,ERR3827203,1,0.558747446169785,0.236080179356015,Healthy-only,54,54,0
Final fixed model,,CaselliE_2020,ERR3827218,1,0.676507605820793,0.737768087819511,Healthy-only,54,54,0
Final fixed model,,CaselliE_2020,ERR3827219,1,0.426664052342843,-0.295474900090809,Healthy-only,54,54,0
Final fixed model,,CaselliE_2020,ERR3827225,1,0.633879879161495,0.548897992873335,Healthy-only,54,54,0
Final fixed model,,CaselliE_2020,ERR3827227,1,0.568719189791046,0.276627387245488,Healthy-only,54,54,0
Final fixed model,,CaselliE_2020,ERR3827250,1,0.50623114593804,0.0249258742074714,Healthy-only,54,54,0
Final fixed model,,CaselliE_2020,ERR3827251,1,0.74331247463961,1.06325702385392,Healthy-only,54,54,0
Final fixed model,,CaselliE_2020,ERR3827257,1,0.674601094140299,0.729069712203811,Healthy-only,54,54,0
Final fixed model,,CaselliE_2020,ERR3827258,1,0.630002425048355,0.532227217229227,Healthy-only,54,54,0
Final fixed model,,CaselliE_2020,ERR3827259,1,0.50926323426209,0.0370571771485654,Healthy-only,54,54,0
Final fixed model,,CaselliE_2020,ERR3827265,1,0.760491480399639,1.15537592034389,Healthy-only,54,54,0
Final fixed model,,CaselliE_2020,ERR3827267,1,0.730450010164778,0.996906932306797,Healthy-only,54,54,0
Final fixed model,,CaselliE_2020,ERR3827273,1,0.581931744172501,0.3307084521522,Healthy-only,54,54,0
Final fixed model,,CaselliE_2020,ERR3827274,1,0.749196003211438,1.09432889102357,Healthy-only,54,54,0
Final fixed model,,CaselliE_2020,ERR3827275,1,0.378708604922813,-0.495033150188626,Healthy-only,54,54,0
Final fixed model,,CaselliE_2020,ERR3827289,1,0.83543537427652,1.62464964068855,Healthy-only,54,54,0
Final fixed model,,CaselliE_2020,ERR3827290,1,0.857806062642854,1.79718615788156,Healthy-only,54,54,0
Final fixed model,,CaselliE_2020,ERR3827299,1,0.600217955022007,0.406373336576016,Healthy-only,54,54,0
Final fixed model,,CaselliE_2020,ERR3827305,1,0.403059490319888,-0.392733289938408,Healthy-only,54,54,0
Final fixed model,,CaselliE_2020,ERR3827315,1,0.528344757604631,0.11350072058992,Healthy-only,54,54,0
Final fixed model,,CaselliE_2020,ERR3827321,1,0.840281561995269,1.6603245259618,Healthy-only,54,54,0
Final fixed model,,CaselliE_2020,ERR3827322,1,0.813759591245892,1.47462662061917,Healthy-only,54,54,0
Final fixed model,,CaselliE_2020,ERR3827329,1,0.570392932889152,0.283454485774212,Healthy-only,54,54,0
Final fixed model,,CaselliE_2020,ERR3827330,1,0.729053210826412,0.989824269188763,Healthy-only,54,54,0
Final fixed model,,CaselliE_2020,ERR3827179,1,0.454765437206183,-0.18143432911951,Healthy-only,54,54,0
Final fixed model,,CaselliE_2020,ERR3827185,1,0.730954706435696,0.999471753739435,Healthy-only,54,54,0
Final fixed model,,CaselliE_2020,ERR3827187,1,0.766582804546286,1.18911533100104,Healthy-only,54,54,0
Final fixed model,,CaselliE_2020,ERR3827209,1,0.277577047677498,-0.956512229978679,Healthy-only,54,54,0
Final fixed model,,CaselliE_2020,ERR3827210,1,0.415328386471639,-0.34198084519671,Healthy-only,54,54,0
Final fixed model,,CaselliE_2020,ERR3827211,1,0.315723220134049,-0.773496540577886,Healthy-only,54,54,0
Final fixed model,,CaselliE_2020,ERR3827217,1,0.588844989296662,0.359192674560779,Healthy-only,54,54,0
Final fixed model,,CaselliE_2020,ERR3827233,1,0.81411465565732,1.47697115532131,Healthy-only,54,54,0
Final fixed model,,CaselliE_2020,ERR3827234,1,0.815393375713293,1.48544346041194,Healthy-only,54,54,0
Final fixed model,,CaselliE_2020,ERR3827235,1,0.787433476372464,1.30952390094528,Healthy-only,54,54,0
Final fixed model,,CaselliE_2020,ERR3827243,1,0.83640896145007,1.63174803572982,Healthy-only,54,54,0
Final fixed model,,CaselliE_2020,ERR3827249,1,0.62501802170824,0.510902517126918,Healthy-only,54,54,0
Final fixed model,,CaselliE_2020,ERR3827281,1,0.603331071706528,0.419364088030625,Healthy-only,54,54,0
Final fixed model,,CaselliE_2020,ERR3827282,1,0.803957768161434,1.41121663605236,Healthy-only,54,54,0
Final fixed model,,CaselliE_2020,ERR3827283,1,0.669309328299738,0.705062915556824,Healthy-only,54,54,0
Final fixed model,,CaselliE_2020,ERR3827291,1,0.806766936479583,1.42913778080849,Healthy-only,54,54,0
Final fixed model,,CaselliE_2020,ERR3827297,1,0.759621255005461,1.15060417679833,Healthy-only,54,54,0
Final fixed model,,CaselliE_2020,ERR3827298,1,0.716017729225077,0.924793118777915,Healthy-only,54,54,0
Final fixed model,,CaselliE_2020,ERR3827306,1,0.652819268977093,0.631454837602213,Healthy-only,54,54,0
Final fixed model,,CaselliE_2020,ERR3827307,1,0.524034486679356,0.0962120958292895,Healthy-only,54,54,0
Final fixed model,,CaselliE_2020,ERR3827313,1,0.779052441993692,1.2601529839674,Healthy-only,54,54,0
Final fixed model,,CaselliE_2020,ERR3827323,1,0.825601985612132,1.55477267375846,Healthy-only,54,54,0
Final fixed model,,CaselliE_2020,ERR3827331,1,0.669718031325145,0.706910034879531,Healthy-only,54,54,0
Final fixed model,,Koohi-MoghadamM_2024,SRR23388424,1,0.672800352907633,0.720878107034873,Mixed,20,11,9
Final fixed model,,Koohi-MoghadamM_2024,SRR23388425,1,0.743293620723175,1.06315821065661,Mixed,20,11,9
Final fixed model,,Koohi-MoghadamM_2024,SRR23388426,1,0.46804437042381,-0.12799698278966,Mixed,20,11,9
Final fixed model,,Koohi-MoghadamM_2024,SRR23388427,1,0.522013798794645,0.0881121577022037,Mixed,20,11,9
Final fixed model,,Koohi-MoghadamM_2024,SRR23388428,1,0.285997566726186,-0.914903067447034,Mixed,20,11,9
Final fixed model,,Koohi-MoghadamM_2024,SRR23388437,1,0.484045405863378,-0.063840049666737,Mixed,20,11,9
Final fixed model,,Koohi-MoghadamM_2024,SRR23388448,1,0.413426449648133,-0.349818439809742,Mixed,20,11,9
Final fixed model,,Koohi-MoghadamM_2024,SRR23388452,0,0.204890147308948,-1.35600631586916,Mixed,20,11,9
Final fixed model,,Koohi-MoghadamM_2024,SRR23388453,0,0.167263543138597,-1.60514654264339,Mixed,20,11,9
Final fixed model,,Koohi-MoghadamM_2024,SRR23388454,0,0.0820573629362001,-2.41471635111246,Mixed,20,11,9
Final fixed model,,Koohi-MoghadamM_2024,SRR23388455,0,0.168503619009808,-1.5962697188717,Mixed,20,11,9
Final fixed model,,Koohi-MoghadamM_2024,SRR23388456,0,0.448797509827678,-0.20553043173763,Mixed,20,11,9
Final fixed model,,Koohi-MoghadamM_2024,SRR23388457,0,0.29300488062112,-0.88083449630139,Mixed,20,11,9
Final fixed model,,Koohi-MoghadamM_2024,SRR23388458,0,0.21723460426525,-1.2818551335982,Mixed,20,11,9
Final fixed model,,Koohi-MoghadamM_2024,SRR23388459,1,0.290947142786819,-0.890788464769792,Mixed,20,11,9
Final fixed model,,Koohi-MoghadamM_2024,SRR23388460,0,0.260264305632187,-1.04459527783269,Mixed,20,11,9
Final fixed model,,Koohi-MoghadamM_2024,SRR23388461,0,0.129202427814189,-1.90802915902574,Mixed,20,11,9
Final fixed model,,Koohi-MoghadamM_2024,SRR23388469,1,0.245661998926582,-1.12188394180554,Mixed,20,11,9
Final fixed model,,Koohi-MoghadamM_2024,SRR23388470,1,0.338762798200642,-0.668812476282129,Mixed,20,11,9
Final fixed model,,Koohi-MoghadamM_2024,SRR23388471,1,0.41876160868541,-0.327859179781401,Mixed,20,11,9
Final fixed model,,KartalE_2022,ERR9295372,0,0.127161431207099,-1.92629323212182,Mixed,44,17,27
Final fixed model,,KartalE_2022,ERR9295375,0,0.383495245968495,-0.474738809600179,Mixed,44,17,27
Final fixed model,,KartalE_2022,ERR9295381,0,0.16564991839014,-1.61677644032404,Mixed,44,17,27
Final fixed model,,KartalE_2022,ERR9295382,0,0.136235604933544,-1.84691426462393,Mixed,44,17,27
Final fixed model,,KartalE_2022,ERR9295384,0,0.274840665146569,-0.970199872637116,Mixed,44,17,27
Final fixed model,,KartalE_2022,ERR9295387,0,0.0700796561747923,-2.58546639024364,Mixed,44,17,27
Final fixed model,,KartalE_2022,ERR9295390,0,0.311306859351786,-0.794016690903415,Mixed,44,17,27
Final fixed model,,KartalE_2022,ERR9295393,0,0.265400216054675,-1.01808690330388,Mixed,44,17,27
Final fixed model,,KartalE_2022,ERR9295399,0,0.256421621679403,-1.06465112898078,Mixed,44,17,27
Final fixed model,,KartalE_2022,ERR9295401,0,0.555515276915959,0.22298042430185,Mixed,44,17,27
Final fixed model,,KartalE_2022,ERR9295402,1,0.234973408370013,-1.18043824165378,Mixed,44,17,27
Final fixed model,,KartalE_2022,ERR9295403,1,0.74808082855905,1.08840274389688,Mixed,44,17,27
Final fixed model,,KartalE_2022,ERR9295404,1,0.133648255508644,-1.86907960775052,Mixed,44,17,27
Final fixed model,,KartalE_2022,ERR9295406,1,0.189168946008557,-1.45541920427856,Mixed,44,17,27
Final fixed model,,KartalE_2022,ERR9295407,1,0.129590028927721,-1.90458848809943,Mixed,44,17,27
Final fixed model,,KartalE_2022,ERR9295410,1,0.291606266021236,-0.887595572237782,Mixed,44,17,27
Final fixed model,,KartalE_2022,ERR9295411,1,0.404660568863946,-0.386083101253064,Mixed,44,17,27
Final fixed model,,KartalE_2022,ERR9295413,1,0.346382363026133,-0.63497926719538,Mixed,44,17,27
Final fixed model,,KartalE_2022,ERR9295416,1,0.0607160942972893,-2.73890897464981,Mixed,44,17,27
Final fixed model,,KartalE_2022,ERR9295417,1,0.0930303562935676,-2.27718312900232,Mixed,44,17,27
Final fixed model,,KartalE_2022,ERR9295418,0,0.433521107410556,-0.267499334726684,Mixed,44,17,27
Final fixed model,,KartalE_2022,ERR9295422,0,0.121735534233116,-1.97609682256698,Mixed,44,17,27
Final fixed model,,KartalE_2022,ERR9295433,0,0.425223766467041,-0.301365266280968,Mixed,44,17,27
Final fixed model,,KartalE_2022,ERR9295434,0,0.412798814515843,-0.352407153823725,Mixed,44,17,27
Final fixed model,,KartalE_2022,ERR9295437,0,0.60404940951576,0.42236656645768,Mixed,44,17,27
Final fixed model,,KartalE_2022,ERR9295441,0,0.245600895368835,-1.12221370255143,Mixed,44,17,27
Final fixed model,,KartalE_2022,ERR9295442,0,0.423325310305611,-0.309137372920823,Mixed,44,17,27
Final fixed model,,KartalE_2022,ERR9295444,0,0.396318531119982,-0.420828429986523,Mixed,44,17,27
Final fixed model,,KartalE_2022,ERR9295447,0,0.316811013819981,-0.768466096231679,Mixed,44,17,27
Final fixed model,,KartalE_2022,ERR9295448,1,0.380693109157725,-0.486607371934277,Mixed,44,17,27
Final fixed model,,KartalE_2022,ERR9295452,0,0.395763707794406,-0.423147998021357,Mixed,44,17,27
Final fixed model,,KartalE_2022,ERR9295454,0,0.380807837207367,-0.486120781599649,Mixed,44,17,27
Final fixed model,,KartalE_2022,ERR9295455,0,0.177361524974484,-1.53432666370413,Mixed,44,17,27
Final fixed model,,KartalE_2022,ERR9295456,0,0.161713800662807,-1.64553145856211,Mixed,44,17,27
Final fixed model,,KartalE_2022,ERR9295458,1,0.131313998632752,-1.88939033541472,Mixed,44,17,27
Final fixed model,,KartalE_2022,ERR9295459,1,0.145320142870582,-1.77178777221493,Mixed,44,17,27
Final fixed model,,KartalE_2022,ERR9295461,1,0.408194616398509,-0.371433775267381,Mixed,44,17,27
Final fixed model,,KartalE_2022,ERR9295462,0,0.236734322927727,-1.17066765925628,Mixed,44,17,27
Final fixed model,,KartalE_2022,ERR9295469,1,0.120876457327306,-1.98415642674163,Mixed,44,17,27
Final fixed model,,KartalE_2022,ERR9295470,0,0.550358075249305,0.202117569063178,Mixed,44,17,27
Final fixed model,,KartalE_2022,ERR9295471,1,0.153028819481298,-1.71104040243426,Mixed,44,17,27
Final fixed model,,KartalE_2022,ERR9295472,1,0.33370196716984,-0.691488786420619,Mixed,44,17,27
Final fixed model,,KartalE_2022,ERR9295473,0,0.319225945859423,-0.757331319400552,Mixed,44,17,27
Final fixed model,,KartalE_2022,ERR9295474,0,0.615897568642029,0.472171399689894,Mixed,44,17,27
Final fixed model,,LassalleF_2017,ERR1474564,1,0.451260359596686,-0.195579618736527,Healthy-only,24,24,0
Final fixed model,,LassalleF_2017,ERR1474565,1,0.404054177730343,-0.388600788438338,Healthy-only,24,24,0
Final fixed model,,LassalleF_2017,ERR1474566,1,0.348060610651844,-0.627574963334364,Healthy-only,24,24,0
Final fixed model,,LassalleF_2017,ERR1474567,1,0.253214567740652,-1.08154068145802,Healthy-only,24,24,0
Final fixed model,,LassalleF_2017,ERR1474568,1,0.250841202590262,-1.09413089369311,Healthy-only,24,24,0
Final fixed model,,LassalleF_2017,ERR1474569,1,0.125335708203487,-1.94284434324617,Healthy-only,24,24,0
Final fixed model,,LassalleF_2017,ERR1474570,1,0.414275296593647,-0.346319169332626,Healthy-only,24,24,0
Final fixed model,,LassalleF_2017,ERR1474571,1,0.564035967290387,0.257558275095248,Healthy-only,24,24,0
Final fixed model,,LassalleF_2017,ERR1474572,1,0.281679106693991,-0.936147892325048,Healthy-only,24,24,0
Final fixed model,,LassalleF_2017,ERR1474573,1,0.348127370666315,-0.62728076858809,Healthy-only,24,24,0
Final fixed model,,LassalleF_2017,ERR1474574,1,0.264469399218498,-1.02286659291966,Healthy-only,24,24,0
Final fixed model,,LassalleF_2017,ERR1474575,1,0.171575204651828,-1.57450437910896,Healthy-only,24,24,0
Final fixed model,,LassalleF_2017,ERR1474576,1,0.477190574786919,-0.0913010709681704,Healthy-only,24,24,0
Final fixed model,,LassalleF_2017,ERR1474577,1,0.120564467578482,-1.98709565071104,Healthy-only,24,24,0
Final fixed model,,LassalleF_2017,ERR1474578,1,0.210760096385092,-1.32034983231478,Healthy-only,24,24,0
Final fixed model,,LassalleF_2017,ERR1474579,1,0.20272179476963,-1.36936911343974,Healthy-only,24,24,0
Final fixed model,,LassalleF_2017,ERR1474580,1,0.398949682569242,-0.409843353788709,Healthy-only,24,24,0
Final fixed model,,LassalleF_2017,ERR1474581,1,0.322394162536636,-0.742790854018638,Healthy-only,24,24,0
Final fixed model,,LassalleF_2017,ERR1474582,1,0.242809487257853,-1.1373377570664,Healthy-only,24,24,0
Final fixed model,,LassalleF_2017,ERR1474583,1,0.215634365245555,-1.29129106262828,Healthy-only,24,24,0
Final fixed model,,LassalleF_2017,ERR1474584,1,0.0790168370734802,-2.45578079752136,Healthy-only,24,24,0
Final fixed model,,LassalleF_2017,ERR1474585,1,0.545559554367424,0.182745100902814,Healthy-only,24,24,0
Final fixed model,,LassalleF_2017,ERR1474586,1,0.270843298312174,-0.990348244586645,Healthy-only,24,24,0
Final fixed model,,LassalleF_2017,ERR1474587,1,0.213466063445821,-1.30415800377777,Healthy-only,24,24,0
Final fixed model,,PlachokovaA_2021,ERR5383528,0,0.383481046815059,-0.474798867352783,Disease-only,7,0,7
Final fixed model,,PlachokovaA_2021,ERR5383531,0,0.318491221763165,-0.760714218362764,Disease-only,7,0,7
Final fixed model,,PlachokovaA_2021,ERR5383534,0,0.472991324291214,-0.108139964406695,Disease-only,7,0,7
Final fixed model,,PlachokovaA_2021,ERR5384690,0,0.204151445736117,-1.36054680980539,Disease-only,7,0,7
Final fixed model,,PlachokovaA_2021,ERR5385042,0,0.338445483699027,-0.670229366518471,Disease-only,7,0,7
Final fixed model,,PlachokovaA_2021,ERR5385092,0,0.24270913644565,-1.13788365450616,Disease-only,7,0,7
Final fixed model,,PlachokovaA_2021,ERR5385093,0,0.278104425860915,-0.953883818524312,Disease-only,7,0,7
Final fixed model,,ShalonD_2023,SRR18584977,1,0.451844956187696,-0.193219069892114,Healthy-only,29,29,0
Final fixed model,,ShalonD_2023,SRR18585031,1,0.645264990349169,0.59829001112186,Healthy-only,29,29,0
Final fixed model,,ShalonD_2023,SRR18585066,1,0.807257861695012,1.43228992384363,Healthy-only,29,29,0
Final fixed model,,ShalonD_2023,SRR18585067,1,0.891812494428187,2.10939001800518,Healthy-only,29,29,0
Final fixed model,,ShalonD_2023,SRR18585076,1,0.248516864868755,-1.10653805742384,Healthy-only,29,29,0
Final fixed model,,ShalonD_2023,SRR18585077,1,0.159850646218459,-1.65933976000028,Healthy-only,29,29,0
Final fixed model,,ShalonD_2023,SRR18585080,1,0.616316004133696,0.473940539355186,Healthy-only,29,29,0
Final fixed model,,ShalonD_2023,SRR18585145,1,0.587370661076799,0.353106364889525,Healthy-only,29,29,0
Final fixed model,,ShalonD_2023,SRR18585163,1,0.654080767793665,0.637025527109033,Healthy-only,29,29,0
Final fixed model,,ShalonD_2023,SRR18585164,1,0.338193426856427,-0.671355327053093,Healthy-only,29,29,0
Final fixed model,,ShalonD_2023,SRR18585191,1,0.710137226249286,0.896050610741455,Healthy-only,29,29,0
Final fixed model,,ShalonD_2023,SRR18585192,1,0.803154394217991,1.40612727274977,Healthy-only,29,29,0
Final fixed model,,ShalonD_2023,SRR18584978,1,0.241062707313414,-1.14686205968462,Healthy-only,29,29,0
Final fixed model,,ShalonD_2023,SRR18584995,1,0.458039629417635,-0.168237174276093,Healthy-only,29,29,0
Final fixed model,,ShalonD_2023,SRR18584996,1,0.484352921683784,-0.0626087566960861,Healthy-only,29,29,0
Final fixed model,,ShalonD_2023,SRR18585012,1,0.757038638806084,1.13651187088573,Healthy-only,29,29,0
Final fixed model,,ShalonD_2023,SRR18585013,1,0.62984769017945,0.53156345943855,Healthy-only,29,29,0
Final fixed model,,ShalonD_2023,SRR18585049,1,0.401794909116551,-0.397991874388582,Healthy-only,29,29,0
Final fixed model,,ShalonD_2023,SRR18585050,1,0.423913671730857,-0.306727694839539,Healthy-only,29,29,0
Final fixed model,,ShalonD_2023,SRR18585103,1,0.30653572324739,-0.816365426117842,Healthy-only,29,29,0
Final fixed model,,ShalonD_2023,SRR18585105,1,0.279813760213202,-0.945385605163876,Healthy-only,29,29,0
Final fixed model,,ShalonD_2023,SRR18585106,1,0.248496517703618,-1.10664701080317,Healthy-only,29,29,0
Final fixed model,,ShalonD_2023,SRR18585124,1,0.646992199951787,0.605844085569254,Healthy-only,29,29,0
Final fixed model,,ShalonD_2023,SRR18585146,1,0.392576699538214,-0.43649398189198,Healthy-only,29,29,0
Final fixed model,,ShalonD_2023,SRR18585212,1,0.52148583778779,0.0859963098304631,Healthy-only,29,29,0
Final fixed model,,ShalonD_2023,SRR18585213,1,0.573925848686842,0.297886809264898,Healthy-only,29,29,0
Final fixed model,,ShalonD_2023,SRR18585230,1,0.543046188760215,0.172612062200709,Healthy-only,29,29,0
Final fixed model,,ShalonD_2023,SRR18585231,1,0.20594408488397,-1.34954918148511,Healthy-only,29,29,0
Final fixed model,,ShalonD_2023,SRR18585238,1,0.354553841149987,-0.599081583250448,Healthy-only,29,29,0
Final fixed model,,SunBY_2021,SRR15001303,0,0.51290553638669,0.0516336138866015,Mixed,18,6,12
Final fixed model,,SunBY_2021,SRR15001304,0,0.33295475360043,-0.694851273621597,Mixed,18,6,12
Final fixed model,,SunBY_2021,SRR15001305,0,0.220542023826648,-1.26251051480937,Mixed,18,6,12
Final fixed model,,SunBY_2021,SRR15001306,0,0.0804975636576672,-2.4356057748347,Mixed,18,6,12
Final fixed model,,SunBY_2021,SRR15001307,1,0.535776903652684,0.14335260212976,Mixed,18,6,12
Final fixed model,,SunBY_2021,SRR15001308,1,0.517431726516455,0.0697551767825699,Mixed,18,6,12
Final fixed model,,SunBY_2021,SRR15001309,1,0.480481932273214,-0.078111963229769,Mixed,18,6,12
Final fixed model,,SunBY_2021,SRR15001310,1,0.723133457443589,0.960058199305237,Mixed,18,6,12
Final fixed model,,SunBY_2021,SRR15001311,0,0.419278868697077,-0.325734404792241,Mixed,18,6,12
Final fixed model,,SunBY_2021,SRR15001312,0,0.292477858276348,-0.88337995914403,Mixed,18,6,12
Final fixed model,,SunBY_2021,SRR15001313,0,0.448533308940724,-0.206598493710721,Mixed,18,6,12
Final fixed model,,SunBY_2021,SRR15001314,0,0.350929292105867,-0.614956903578137,Mixed,18,6,12
Final fixed model,,SunBY_2021,SRR15001315,0,0.173450402174003,-1.56136823284237,Mixed,18,6,12
Final fixed model,,SunBY_2021,SRR15001316,0,0.216638100658169,-1.28536656263671,Mixed,18,6,12
Final fixed model,,SunBY_2021,SRR15001317,0,0.338575329440085,-0.669649493805495,Mixed,18,6,12
Final fixed model,,SunBY_2021,SRR15001318,0,0.729132220887105,0.990224286656189,Mixed,18,6,12
Final fixed model,,SunBY_2021,SRR15001319,1,0.680179811598074,0.754598265417206,Mixed,18,6,12
Final fixed model,,SunBY_2021,SRR15001320,1,0.828943331788288,1.57815690083169,Mixed,18,6,12
Final fixed model,,ChenQB_2024,TG_001,0,0.24698625102748,-1.11475081533852,Mixed,90,19,71
Final fixed model,,ChenQB_2024,TG_002,0,0.122744362848178,-1.96669459860173,Mixed,90,19,71
Final fixed model,,ChenQB_2024,TG_003,0,0.234320415202021,-1.18407431115943,Mixed,90,19,71
Final fixed model,,ChenQB_2024,TG_004,0,0.287611731288729,-0.907011668692489,Mixed,90,19,71
Final fixed model,,ChenQB_2024,TG_005,0,0.212978060244696,-1.30706696887753,Mixed,90,19,71
Final fixed model,,ChenQB_2024,TG_006,0,0.466447935115123,-0.134410250553447,Mixed,90,19,71
Final fixed model,,ChenQB_2024,TG_007,0,0.087755258519604,-2.34135652425965,Mixed,90,19,71
Final fixed model,,ChenQB_2024,TG_008,0,0.309814152319945,-0.800988296731756,Mixed,90,19,71
Final fixed model,,ChenQB_2024,TG_009,0,0.117949045251358,-2.01199711486106,Mixed,90,19,71
Final fixed model,,ChenQB_2024,TG_010,0,0.262319399518346,-1.03394809682936,Mixed,90,19,71
Final fixed model,,ChenQB_2024,TG_011,0,0.372288314765674,-0.522412367326561,Mixed,90,19,71
Final fixed model,,ChenQB_2024,TG_012,0,0.111880523490048,-2.07167473220669,Mixed,90,19,71
Final fixed model,,ChenQB_2024,TG_013,0,0.247398451093416,-1.11253573703056,Mixed,90,19,71
Final fixed model,,ChenQB_2024,TG_014,0,0.313064207519171,-0.785832521781359,Mixed,90,19,71
Final fixed model,,ChenQB_2024,TG_015,0,0.100332784069987,-2.19353243318816,Mixed,90,19,71
Final fixed model,,ChenQB_2024,TG_016,0,0.278014984047398,-0.95432937346003,Mixed,90,19,71
Final fixed model,,ChenQB_2024,TG_017,0,0.188656931587236,-1.4587607948299,Mixed,90,19,71
Final fixed model,,ChenQB_2024,TG_018,0,0.0979789037009755,-2.21988572100762,Mixed,90,19,71
Final fixed model,,ChenQB_2024,TG_019,0,0.335126395739573,-0.68508919242899,Mixed,90,19,71
Final fixed model,,ChenQB_2024,TG_020,0,0.200538316864959,-1.38293327004406,Mixed,90,19,71
Final fixed model,,ChenQB_2024,TG_021,0,0.184492003230817,-1.48620510836493,Mixed,90,19,71
Final fixed model,,ChenQB_2024,TG_022,0,0.103197799390071,-2.16218779652138,Mixed,90,19,71
Final fixed model,,ChenQB_2024,TG_023,0,0.499326881788346,-0.00269247447318873,Mixed,90,19,71
Final fixed model,,ChenQB_2024,TG_024,0,0.0996327629051288,-2.20131166598398,Mixed,90,19,71
Final fixed model,,ChenQB_2024,TG_025,0,0.323477991869118,-0.737833899115684,Mixed,90,19,71
Final fixed model,,ChenQB_2024,TG_026,0,0.0844056156261405,-2.38393951954185,Mixed,90,19,71
Final fixed model,,ChenQB_2024,TG_027,0,0.175112665844287,-1.54981724075455,Mixed,90,19,71
Final fixed model,,ChenQB_2024,TG_028,0,0.212027709444604,-1.31274595391155,Mixed,90,19,71
Final fixed model,,ChenQB_2024,TG_029,0,0.133166133750115,-1.87324986467658,Mixed,90,19,71
Final fixed model,,ChenQB_2024,TG_030,0,0.187404236232479,-1.4669657955122,Mixed,90,19,71
Final fixed model,,ChenQB_2024,TG_031,0,0.0715016914895787,-2.56384745242977,Mixed,90,19,71
Final fixed model,,ChenQB_2024,TG_032,0,0.086163103125176,-2.36141005767712,Mixed,90,19,71
Final fixed model,,ChenQB_2024,TG_033,0,0.127479459111036,-1.92343094975742,Mixed,90,19,71
Final fixed model,,ChenQB_2024,TG_034,0,0.262128509198017,-1.03493480110229,Mixed,90,19,71
Final fixed model,,ChenQB_2024,TG_035,0,0.130286693930121,-1.89842626389637,Mixed,90,19,71
Final fixed model,,ChenQB_2024,TG_036,0,0.117746685184009,-2.01394363858138,Mixed,90,19,71
Final fixed model,,ChenQB_2024,TG_037,0,0.19589758696679,-1.41213463326527,Mixed,90,19,71
Final fixed model,,ChenQB_2024,TG_038,0,0.243204151142541,-1.13519231380868,Mixed,90,19,71
Final fixed model,,ChenQB_2024,TG_039,0,0.218668748432991,-1.27344117714506,Mixed,90,19,71
Final fixed model,,ChenQB_2024,TG_040,0,0.310105796921,-0.799624737317607,Mixed,90,19,71
Final fixed model,,ChenQB_2024,TG_041,0,0.234628784933358,-1.18235633796645,Mixed,90,19,71
Final fixed model,,ChenQB_2024,TG_042,0,0.152340840241468,-1.71635824025129,Mixed,90,19,71
Final fixed model,,ChenQB_2024,TG_043,0,0.0868896270401337,-2.35221810519551,Mixed,90,19,71
Final fixed model,,ChenQB_2024,TG_044,0,0.206186458991712,-1.34806769853373,Mixed,90,19,71
Final fixed model,,ChenQB_2024,TG_045,0,0.234868481358689,-1.18102203515588,Mixed,90,19,71
Final fixed model,,ChenQB_2024,TG_046,0,0.293759914362177,-0.877192428418184,Mixed,90,19,71
Final fixed model,,ChenQB_2024,TG_047,0,0.20256678001656,-1.37032848441362,Mixed,90,19,71
Final fixed model,,ChenQB_2024,TG_048,0,0.129396051364038,-1.90630929800184,Mixed,90,19,71
Final fixed model,,ChenQB_2024,TG_049,1,0.352155828163028,-0.60957642059002,Mixed,90,19,71
Final fixed model,,ChenQB_2024,TG_050,1,0.409914655414979,-0.364318197771588,Mixed,90,19,71
Final fixed model,,ChenQB_2024,TG_051,1,0.12618493273034,-1.93512020876831,Mixed,90,19,71
Final fixed model,,ChenQB_2024,TG_052,1,0.543283056213758,0.173566646298971,Mixed,90,19,71
Final fixed model,,ChenQB_2024,TG_053,0,0.216305586082665,-1.28732700795006,Mixed,90,19,71
Final fixed model,,ChenQB_2024,TG_054,0,0.300629596149011,-0.844301577861247,Mixed,90,19,71
Final fixed model,,ChenQB_2024,TG_055,0,0.46918596944563,-0.123412521764263,Mixed,90,19,71
Final fixed model,,ChenQB_2024,TG_056,0,0.257544213384574,-1.05877191442902,Mixed,90,19,71
Final fixed model,,ChenQB_2024,TG_057,0,0.235654250173345,-1.1766545497604,Mixed,90,19,71
Final fixed model,,ChenQB_2024,TG_058,0,0.288470115753133,-0.902825922728593,Mixed,90,19,71
Final fixed model,,ChenQB_2024,TG_059,1,0.622973549069561,0.502188713927882,Mixed,90,19,71
Final fixed model,,ChenQB_2024,TG_060,1,0.535159505031418,0.140870517537621,Mixed,90,19,71
Final fixed model,,ChenQB_2024,TG_061,1,0.530271989298589,0.121236235709433,Mixed,90,19,71
Final fixed model,,ChenQB_2024,TG_062,1,0.284788511810489,-0.920831445654934,Mixed,90,19,71
Final fixed model,,ChenQB_2024,TG_063,1,0.397504542092926,-0.415873765914975,Mixed,90,19,71
Final fixed model,,ChenQB_2024,TG_064,1,0.266618030179749,-1.01184963542184,Mixed,90,19,71
Final fixed model,,ChenQB_2024,TG_065,1,0.261174023574247,-1.03987546587326,Mixed,90,19,71
Final fixed model,,ChenQB_2024,TG_066,0,0.2352823136097,-1.17872060068856,Mixed,90,19,71
Final fixed model,,ChenQB_2024,TG_067,1,0.0729195598133902,-2.54268342332072,Mixed,90,19,71
Final fixed model,,ChenQB_2024,TG_068,1,0.0629324460470594,-2.70069350952524,Mixed,90,19,71
Final fixed model,,ChenQB_2024,TG_069,1,0.177926024951113,-1.53046251123544,Mixed,90,19,71
Final fixed model,,ChenQB_2024,TG_070,0,0.276024284340858,-0.964269001327129,Mixed,90,19,71
Final fixed model,,ChenQB_2024,TG_071,1,0.125134743112435,-1.94467878073476,Mixed,90,19,71
Final fixed model,,ChenQB_2024,TG_072,0,0.46681880528283,-0.132920133834664,Mixed,90,19,71
Final fixed model,,ChenQB_2024,TG_073,1,0.206696095956872,-1.34495680254093,Mixed,90,19,71
Final fixed model,,ChenQB_2024,TG_074,0,0.116319560172542,-2.0277542712824,Mixed,90,19,71
Final fixed model,,ChenQB_2024,TG_075,0,0.141928812437626,-1.79936145419697,Mixed,90,19,71
Final fixed model,,ChenQB_2024,TG_076,1,0.191694924487977,-1.43903438258959,Mixed,90,19,71
Final fixed model,,ChenQB_2024,TG_077,1,0.233845165596737,-1.18672507213683,Mixed,90,19,71
Final fixed model,,ChenQB_2024,TG_078,1,0.384821857522731,-0.46913136895472,Mixed,90,19,71
Final fixed model,,ChenQB_2024,TG_079,0,0.242752992172922,-1.13764506528669,Mixed,90,19,71
Final fixed model,,ChenQB_2024,TG_080,0,0.146002430643134,-1.76630507778778,Mixed,90,19,71
Final fixed model,,ChenQB_2024,TG_081,0,0.139875894445198,-1.81632112640531,Mixed,90,19,71
Final fixed model,,ChenQB_2024,TG_082,0,0.215967310246631,-1.28932366081503,Mixed,90,19,71
Final fixed model,,ChenQB_2024,TG_083,0,0.421130646225012,-0.318133701846818,Mixed,90,19,71
Final fixed model,,ChenQB_2024,TG_084,0,0.582093349821815,0.331372747100938,Mixed,90,19,71
Final fixed model,,ChenQB_2024,TG_085,0,0.26009263734564,-1.04548712771975,Mixed,90,19,71
Final fixed model,,ChenQB_2024,TG_086,0,0.242046137398761,-1.14149415811589,Mixed,90,19,71
Final fixed model,,ChenQB_2024,TG_087,0,0.172520498906859,-1.56786827119766,Mixed,90,19,71
Final fixed model,,ChenQB_2024,TG_088,0,0.0971623473675648,-2.22915948692188,Mixed,90,19,71
Final fixed model,,ChenQB_2024,TG_089,0,0.369285671242272,-0.535282510899726,Mixed,90,19,71
Final fixed model,,ChenQB_2024,TG_090,0,0.472517642562498,-0.110040334181461,Mixed,90,19,71
